asset,frequency,model_family,regime,purpose,target,feature_id,feature_label,block,n,n_full,n_reduced,same_support,sample_start,sample_end,calendar,calendar_assumption,close_time_assumption,feature_list,row_index_hash,correlation,univariate_r2,standardized_beta,hac_t,p_value,fdr_q_value,drop_feature_delta_r2
BTC,daily,long_sample_contemporaneous_exposure,full_common_sample,co_movement_integration,btc_ret,qqq_ret,QQQ return,equity_beta,1233,1233,1233,True,2020-01-03,2026-04-10,tradfi_business_daily,BTC/ETH returns are computed between consecutive common TradFi business-date closes; TradFi returns/changes use the same business dates.,Local curated close timestamps are treated as provider daily closes; cross-market close-time mismatches are not intraday-adjusted.,qqq_ret|spy_ret|iwm_ret|dxy_ret|gold_ret|vix_d1|real_yield_d1|nominal_10y_d1,e67342d46aa84be9,0.42041462499619947,0.17674845691069518,0.3103204077908913,2.9263341147267132,0.0034298236514125253,0.009146196403766734,0.010458797037377177
BTC,daily,long_sample_contemporaneous_exposure,full_common_sample,co_movement_integration,btc_ret,spy_ret,SPY return,equity_beta,1233,1233,1233,True,2020-01-03,2026-04-10,tradfi_business_daily,BTC/ETH returns are computed between consecutive common TradFi business-date closes; TradFi returns/changes use the same business dates.,Local curated close timestamps are treated as provider daily closes; cross-market close-time mismatches are not intraday-adjusted.,qqq_ret|spy_ret|iwm_ret|dxy_ret|gold_ret|vix_d1|real_yield_d1|nominal_10y_d1,e67342d46aa84be9,0.4192585100444163,0.17577769824466372,-0.32261932957750833,-2.932379486009905,0.0033637544472401816,0.009146196403766734,0.0065950278963912146
BTC,daily,long_sample_contemporaneous_exposure,full_common_sample,co_movement_integration,btc_ret,iwm_ret,IWM return,equity_beta,1233,1233,1233,True,2020-01-03,2026-04-10,tradfi_business_daily,BTC/ETH returns are computed between consecutive common TradFi business-date closes; TradFi returns/changes use the same business dates.,Local curated close timestamps are treated as provider daily closes; cross-market close-time mismatches are not intraday-adjusted.,qqq_ret|spy_ret|iwm_ret|dxy_ret|gold_ret|vix_d1|real_yield_d1|nominal_10y_d1,e67342d46aa84be9,0.4266222379001124,0.18200653387090016,0.28316719504116056,4.810771204126035,1.5034904467999883e-06,1.2027923574399906e-05,0.019139638533251735
BTC,daily,long_sample_contemporaneous_exposure,full_common_sample,co_movement_integration,btc_ret,dxy_ret,DXY return,macro_rates_fx_vol,1233,1233,1233,True,2020-01-03,2026-04-10,tradfi_business_daily,BTC/ETH returns are computed between consecutive common TradFi business-date closes; TradFi returns/changes use the same business dates.,Local curated close timestamps are treated as provider daily closes; cross-market close-time mismatches are not intraday-adjusted.,qqq_ret|spy_ret|iwm_ret|dxy_ret|gold_ret|vix_d1|real_yield_d1|nominal_10y_d1,e67342d46aa84be9,-0.07730312762409179,0.005975773540466522,0.012398165967586697,0.45573390069638564,0.6485813409704819,0.6485813409704819,0.00014018987275843386
BTC,daily,long_sample_contemporaneous_exposure,full_common_sample,co_movement_integration,btc_ret,gold_ret,Gold return,macro_rates_fx_vol,1233,1233,1233,True,2020-01-03,2026-04-10,tradfi_business_daily,BTC/ETH returns are computed between consecutive common TradFi business-date closes; TradFi returns/changes use the same business dates.,Local curated close timestamps are treated as provider daily closes; cross-market close-time mismatches are not intraday-adjusted.,qqq_ret|spy_ret|iwm_ret|dxy_ret|gold_ret|vix_d1|real_yield_d1|nominal_10y_d1,e67342d46aa84be9,0.138822878617975,0.019271791627781143,0.07971490007067512,2.546792136898896,0.010871817024304745,0.02174363404860949,0.005411580125350479
BTC,daily,long_sample_contemporaneous_exposure,full_common_sample,co_movement_integration,btc_ret,vix_d1,VIX change,macro_rates_fx_vol,1233,1233,1233,True,2020-01-03,2026-04-10,tradfi_business_daily,BTC/ETH returns are computed between consecutive common TradFi business-date closes; TradFi returns/changes use the same business dates.,Local curated close timestamps are treated as provider daily closes; cross-market close-time mismatches are not intraday-adjusted.,qqq_ret|spy_ret|iwm_ret|dxy_ret|gold_ret|vix_d1|real_yield_d1|nominal_10y_d1,e67342d46aa84be9,-0.4353613604667362,0.18953951418744752,-0.2616443096524745,-2.376934321180819,0.017457196187100316,0.027931513899360504,0.02635169127432846
BTC,daily,long_sample_contemporaneous_exposure,full_common_sample,co_movement_integration,btc_ret,real_yield_d1,Real-yield change,macro_rates_fx_vol,1233,1233,1233,True,2020-01-03,2026-04-10,tradfi_business_daily,BTC/ETH returns are computed between consecutive common TradFi business-date closes; TradFi returns/changes use the same business dates.,Local curated close timestamps are treated as provider daily closes; cross-market close-time mismatches are not intraday-adjusted.,qqq_ret|spy_ret|iwm_ret|dxy_ret|gold_ret|vix_d1|real_yield_d1|nominal_10y_d1,e67342d46aa84be9,-0.03463891485083108,0.0011998544220434004,0.06480575835200561,1.2759512074049826,0.2019727676838795,0.269297023578506,0.0012516092645001864
BTC,daily,long_sample_contemporaneous_exposure,full_common_sample,co_movement_integration,btc_ret,nominal_10y_d1,10Y yield change,macro_rates_fx_vol,1233,1233,1233,True,2020-01-03,2026-04-10,tradfi_business_daily,BTC/ETH returns are computed between consecutive common TradFi business-date closes; TradFi returns/changes use the same business dates.,Local curated close timestamps are treated as provider daily closes; cross-market close-time mismatches are not intraday-adjusted.,qqq_ret|spy_ret|iwm_ret|dxy_ret|gold_ret|vix_d1|real_yield_d1|nominal_10y_d1,e67342d46aa84be9,0.010700629353012012,0.00011450346855057525,-0.03657562990142716,-0.6476994682152799,0.5171793482655531,0.5910621123034893,0.0004047044871847705
BTC,daily,long_sample_contemporaneous_exposure,pre_btc_etf,co_movement_integration,btc_ret,qqq_ret,QQQ return,equity_beta,797,797,797,True,2020-01-03,2024-01-10,tradfi_business_daily,BTC/ETH returns are computed between consecutive common TradFi business-date closes; TradFi returns/changes use the same business dates.,Local curated close timestamps are treated as provider daily closes; cross-market close-time mismatches are not intraday-adjusted.,qqq_ret|spy_ret|iwm_ret|dxy_ret|gold_ret|vix_d1|real_yield_d1|nominal_10y_d1,97a52cd033d2f792,0.42634049384604406,0.18176621669288873,0.25945362095210045,2.4323134427857664,0.015002717931212068,0.02400434868993931,0.007979010131134778
BTC,daily,long_sample_contemporaneous_exposure,pre_btc_etf,co_movement_integration,btc_ret,spy_ret,SPY return,equity_beta,797,797,797,True,2020-01-03,2024-01-10,tradfi_business_daily,BTC/ETH returns are computed between consecutive common TradFi business-date closes; TradFi returns/changes use the same business dates.,Local curated close timestamps are treated as provider daily closes; cross-market close-time mismatches are not intraday-adjusted.,qqq_ret|spy_ret|iwm_ret|dxy_ret|gold_ret|vix_d1|real_yield_d1|nominal_10y_d1,97a52cd033d2f792,0.4252033857541447,0.1807979192567878,-0.26713548541592924,-2.4567386721751108,0.014020463497817224,0.02400434868993931,0.004746866608217326
BTC,daily,long_sample_contemporaneous_exposure,pre_btc_etf,co_movement_integration,btc_ret,iwm_ret,IWM return,equity_beta,797,797,797,True,2020-01-03,2024-01-10,tradfi_business_daily,BTC/ETH returns are computed between consecutive common TradFi business-date closes; TradFi returns/changes use the same business dates.,Local curated close timestamps are treated as provider daily closes; cross-market close-time mismatches are not intraday-adjusted.,qqq_ret|spy_ret|iwm_ret|dxy_ret|gold_ret|vix_d1|real_yield_d1|nominal_10y_d1,97a52cd033d2f792,0.41888347583692526,0.1754633663292242,0.22105038316725287,3.0534538214820057,0.002262235363092415,0.01809788290473932,0.010570206615675315
BTC,daily,long_sample_contemporaneous_exposure,pre_btc_etf,co_movement_integration,btc_ret,dxy_ret,DXY return,macro_rates_fx_vol,797,797,797,True,2020-01-03,2024-01-10,tradfi_business_daily,BTC/ETH returns are computed between consecutive common TradFi business-date closes; TradFi returns/changes use the same business dates.,Local curated close timestamps are treated as provider daily closes; cross-market close-time mismatches are not intraday-adjusted.,qqq_ret|spy_ret|iwm_ret|dxy_ret|gold_ret|vix_d1|real_yield_d1|nominal_10y_d1,97a52cd033d2f792,-0.10401471733742809,0.010819061422784992,-0.010955959863519731,-0.3390958360706181,0.7345375351455696,0.7345375351455696,0.00010537569949609082
BTC,daily,long_sample_contemporaneous_exposure,pre_btc_etf,co_movement_integration,btc_ret,gold_ret,Gold return,macro_rates_fx_vol,797,797,797,True,2020-01-03,2024-01-10,tradfi_business_daily,BTC/ETH returns are computed between consecutive common TradFi business-date closes; TradFi returns/changes use the same business dates.,Local curated close timestamps are treated as provider daily closes; cross-market close-time mismatches are not intraday-adjusted.,qqq_ret|spy_ret|iwm_ret|dxy_ret|gold_ret|vix_d1|real_yield_d1|nominal_10y_d1,97a52cd033d2f792,0.15357719659653205,0.023585955314449958,0.1176466255398961,2.5670638055441977,0.010256373800157934,0.02400434868993931,0.010849297270480673
BTC,daily,long_sample_contemporaneous_exposure,pre_btc_etf,co_movement_integration,btc_ret,vix_d1,VIX change,macro_rates_fx_vol,797,797,797,True,2020-01-03,2024-01-10,tradfi_business_daily,BTC/ETH returns are computed between consecutive common TradFi business-date closes; TradFi returns/changes use the same business dates.,Local curated close timestamps are treated as provider daily closes; cross-market close-time mismatches are not intraday-adjusted.,qqq_ret|spy_ret|iwm_ret|dxy_ret|gold_ret|vix_d1|real_yield_d1|nominal_10y_d1,97a52cd033d2f792,-0.4636319534900492,0.2149545882969991,-0.3328925998913362,-2.5923324020301477,0.009532761620646148,0.02400434868993931,0.04658266983627901
BTC,daily,long_sample_contemporaneous_exposure,pre_btc_etf,co_movement_integration,btc_ret,real_yield_d1,Real-yield change,macro_rates_fx_vol,797,797,797,True,2020-01-03,2024-01-10,tradfi_business_daily,BTC/ETH returns are computed between consecutive common TradFi business-date closes; TradFi returns/changes use the same business dates.,Local curated close timestamps are treated as provider daily closes; cross-market close-time mismatches are not intraday-adjusted.,qqq_ret|spy_ret|iwm_ret|dxy_ret|gold_ret|vix_d1|real_yield_d1|nominal_10y_d1,97a52cd033d2f792,-0.043395105538414316,0.0018831351846902988,0.12376708555599451,2.018928699489899,0.04349463078963016,0.057992841052840215,0.004750026424293008
BTC,daily,long_sample_contemporaneous_exposure,pre_btc_etf,co_movement_integration,btc_ret,nominal_10y_d1,10Y yield change,macro_rates_fx_vol,797,797,797,True,2020-01-03,2024-01-10,tradfi_business_daily,BTC/ETH returns are computed between consecutive common TradFi business-date closes; TradFi returns/changes use the same business dates.,Local curated close timestamps are treated as provider daily closes; cross-market close-time mismatches are not intraday-adjusted.,qqq_ret|spy_ret|iwm_ret|dxy_ret|gold_ret|vix_d1|real_yield_d1|nominal_10y_d1,97a52cd033d2f792,-0.012095225718168559,0.00014629448517367027,-0.08957716435347932,-1.4035422636436587,0.160455198234287,0.18337736941061372,0.002608842105080833
BTC,daily,long_sample_contemporaneous_exposure,btc_etf_era,co_movement_integration,btc_ret,qqq_ret,QQQ return,equity_beta,436,436,436,True,2024-01-11,2026-04-10,tradfi_business_daily,BTC/ETH returns are computed between consecutive common TradFi business-date closes; TradFi returns/changes use the same business dates.,Local curated close timestamps are treated as provider daily closes; cross-market close-time mismatches are not intraday-adjusted.,qqq_ret|spy_ret|iwm_ret|dxy_ret|gold_ret|vix_d1|real_yield_d1|nominal_10y_d1,837a7fbcc7cd4848,0.40343272247846107,0.162757961566383,0.5383103554036486,2.902490587274481,0.0037020828496816217,0.014808331398726487,0.019607075591630885
BTC,daily,long_sample_contemporaneous_exposure,btc_etf_era,co_movement_integration,btc_ret,spy_ret,SPY return,equity_beta,436,436,436,True,2024-01-11,2026-04-10,tradfi_business_daily,BTC/ETH returns are computed between consecutive common TradFi business-date closes; TradFi returns/changes use the same business dates.,Local curated close timestamps are treated as provider daily closes; cross-market close-time mismatches are not intraday-adjusted.,qqq_ret|spy_ret|iwm_ret|dxy_ret|gold_ret|vix_d1|real_yield_d1|nominal_10y_d1,837a7fbcc7cd4848,0.4000641147662962,0.16005129592374023,-0.5958322956444025,-2.697927070587494,0.006977272429119721,0.018606059810985922,0.014241249310358972
BTC,daily,long_sample_contemporaneous_exposure,btc_etf_era,co_movement_integration,btc_ret,iwm_ret,IWM return,equity_beta,436,436,436,True,2024-01-11,2026-04-10,tradfi_business_daily,BTC/ETH returns are computed between consecutive common TradFi business-date closes; TradFi returns/changes use the same business dates.,Local curated close timestamps are treated as provider daily closes; cross-market close-time mismatches are not intraday-adjusted.,qqq_ret|spy_ret|iwm_ret|dxy_ret|gold_ret|vix_d1|real_yield_d1|nominal_10y_d1,837a7fbcc7cd4848,0.45468383579335847,0.206737390531762,0.4661173151771385,6.479586818549557,9.197413276900675e-11,7.35793062152054e-10,0.06279390257384077
BTC,daily,long_sample_contemporaneous_exposure,btc_etf_era,co_movement_integration,btc_ret,dxy_ret,DXY return,macro_rates_fx_vol,436,436,436,True,2024-01-11,2026-04-10,tradfi_business_daily,BTC/ETH returns are computed between consecutive common TradFi business-date closes; TradFi returns/changes use the same business dates.,Local curated close timestamps are treated as provider daily closes; cross-market close-time mismatches are not intraday-adjusted.,qqq_ret|spy_ret|iwm_ret|dxy_ret|gold_ret|vix_d1|real_yield_d1|nominal_10y_d1,837a7fbcc7cd4848,-0.0017698053187182893,3.1322108663411896e-06,0.058789478176010844,1.2868829120816214,0.19813510211574703,0.25060093220846913,0.003204938488810316
BTC,daily,long_sample_contemporaneous_exposure,btc_etf_era,co_movement_integration,btc_ret,gold_ret,Gold return,macro_rates_fx_vol,436,436,436,True,2024-01-11,2026-04-10,tradfi_business_daily,BTC/ETH returns are computed between consecutive common TradFi business-date closes; TradFi returns/changes use the same business dates.,Local curated close timestamps are treated as provider daily closes; cross-market close-time mismatches are not intraday-adjusted.,qqq_ret|spy_ret|iwm_ret|dxy_ret|gold_ret|vix_d1|real_yield_d1|nominal_10y_d1,837a7fbcc7cd4848,0.13255485554347046,0.017570789728150404,0.05086050734717102,1.228456056712098,0.2192758156824105,0.25060093220846913,0.002290247675716728
BTC,daily,long_sample_contemporaneous_exposure,btc_etf_era,co_movement_integration,btc_ret,vix_d1,VIX change,macro_rates_fx_vol,436,436,436,True,2024-01-11,2026-04-10,tradfi_business_daily,BTC/ETH returns are computed between consecutive common TradFi business-date closes; TradFi returns/changes use the same business dates.,Local curated close timestamps are treated as provider daily closes; cross-market close-time mismatches are not intraday-adjusted.,qqq_ret|spy_ret|iwm_ret|dxy_ret|gold_ret|vix_d1|real_yield_d1|nominal_10y_d1,837a7fbcc7cd4848,-0.3729836793889056,0.13911682509048606,-0.09865700653279254,-1.5145552916484324,0.12988506155268909,0.23755622024538048,0.002376842414150926
BTC,daily,long_sample_contemporaneous_exposure,btc_etf_era,co_movement_integration,btc_ret,real_yield_d1,Real-yield change,macro_rates_fx_vol,436,436,436,True,2024-01-11,2026-04-10,tradfi_business_daily,BTC/ETH returns are computed between consecutive common TradFi business-date closes; TradFi returns/changes use the same business dates.,Local curated close timestamps are treated as provider daily closes; cross-market close-time mismatches are not intraday-adjusted.,qqq_ret|spy_ret|iwm_ret|dxy_ret|gold_ret|vix_d1|real_yield_d1|nominal_10y_d1,837a7fbcc7cd4848,-0.0005592083535802736,3.127139828196235e-07,-0.0728028166511175,-0.7340954620487743,0.4628905590881264,0.4628905590881264,0.0009332139752262769
BTC,daily,long_sample_contemporaneous_exposure,btc_etf_era,co_movement_integration,btc_ret,nominal_10y_d1,10Y yield change,macro_rates_fx_vol,436,436,436,True,2024-01-11,2026-04-10,tradfi_business_daily,BTC/ETH returns are computed between consecutive common TradFi business-date closes; TradFi returns/changes use the same business dates.,Local curated close timestamps are treated as provider daily closes; cross-market close-time mismatches are not intraday-adjusted.,qqq_ret|spy_ret|iwm_ret|dxy_ret|gold_ret|vix_d1|real_yield_d1|nominal_10y_d1,837a7fbcc7cd4848,0.08332315354535133,0.00694274791674232,0.15618384997826365,1.4449474825414168,0.1484726376533628,0.23755622024538048,0.004330538181865462
BTC,weekly,long_sample_contemporaneous_exposure,full_common_sample,co_movement_integration,btc_ret,qqq_ret,QQQ return,equity_beta,327,327,327,True,2020-01-10,2026-04-10,tradfi_friday_weekly,Weekly TradFi models use Friday-to-Friday BTC/ETH and TradFi moves.,Local curated close timestamps are treated as provider daily closes; cross-market close-time mismatches are not intraday-adjusted.,qqq_ret|spy_ret|iwm_ret|dxy_ret|gold_ret|vix_d1|real_yield_d1|nominal_10y_d1,831cdf6bb4c09f89,0.29428674564980023,0.08660468866515025,0.5616149858687268,3.49357881111686,0.000476592286924168,0.0012709127651311146,0.03911497006248388
BTC,weekly,long_sample_contemporaneous_exposure,full_common_sample,co_movement_integration,btc_ret,spy_ret,SPY return,equity_beta,327,327,327,True,2020-01-10,2026-04-10,tradfi_friday_weekly,Weekly TradFi models use Friday-to-Friday BTC/ETH and TradFi moves.,Local curated close timestamps are treated as provider daily closes; cross-market close-time mismatches are not intraday-adjusted.,qqq_ret|spy_ret|iwm_ret|dxy_ret|gold_ret|vix_d1|real_yield_d1|nominal_10y_d1,831cdf6bb4c09f89,0.2804777760633021,0.07866778286541576,-0.8451769569891313,-3.7127895297916136,0.00020498734943804142,0.0008199493977521657,0.04676846884246788
BTC,weekly,long_sample_contemporaneous_exposure,full_common_sample,co_movement_integration,btc_ret,iwm_ret,IWM return,equity_beta,327,327,327,True,2020-01-10,2026-04-10,tradfi_friday_weekly,Weekly TradFi models use Friday-to-Friday BTC/ETH and TradFi moves.,Local curated close timestamps are treated as provider daily closes; cross-market close-time mismatches are not intraday-adjusted.,qqq_ret|spy_ret|iwm_ret|dxy_ret|gold_ret|vix_d1|real_yield_d1|nominal_10y_d1,831cdf6bb4c09f89,0.3531620744059627,0.12472345079872305,0.47215146758890564,4.609812848168582,4.030316200772901e-06,3.224252960618321e-05,0.04744933974323062
BTC,weekly,long_sample_contemporaneous_exposure,full_common_sample,co_movement_integration,btc_ret,dxy_ret,DXY return,macro_rates_fx_vol,327,327,327,True,2020-01-10,2026-04-10,tradfi_friday_weekly,Weekly TradFi models use Friday-to-Friday BTC/ETH and TradFi moves.,Local curated close timestamps are treated as provider daily closes; cross-market close-time mismatches are not intraday-adjusted.,qqq_ret|spy_ret|iwm_ret|dxy_ret|gold_ret|vix_d1|real_yield_d1|nominal_10y_d1,831cdf6bb4c09f89,-0.1569446472307862,0.02463162229439597,-0.06280048364682966,-1.026670028424973,0.30457586682511995,0.3480867049429942,0.002390792353123672
BTC,weekly,long_sample_contemporaneous_exposure,full_common_sample,co_movement_integration,btc_ret,gold_ret,Gold return,macro_rates_fx_vol,327,327,327,True,2020-01-10,2026-04-10,tradfi_friday_weekly,Weekly TradFi models use Friday-to-Friday BTC/ETH and TradFi moves.,Local curated close timestamps are treated as provider daily closes; cross-market close-time mismatches are not intraday-adjusted.,qqq_ret|spy_ret|iwm_ret|dxy_ret|gold_ret|vix_d1|real_yield_d1|nominal_10y_d1,831cdf6bb4c09f89,0.13772781505219622,0.01896895103905194,0.025938389126967214,0.4495652037054426,0.6530239828132696,0.6530239828132696,0.0004964828464067983
BTC,weekly,long_sample_contemporaneous_exposure,full_common_sample,co_movement_integration,btc_ret,vix_d1,VIX change,macro_rates_fx_vol,327,327,327,True,2020-01-10,2026-04-10,tradfi_friday_weekly,Weekly TradFi models use Friday-to-Friday BTC/ETH and TradFi moves.,Local curated close timestamps are treated as provider daily closes; cross-market close-time mismatches are not intraday-adjusted.,qqq_ret|spy_ret|iwm_ret|dxy_ret|gold_ret|vix_d1|real_yield_d1|nominal_10y_d1,831cdf6bb4c09f89,-0.2838943950825729,0.08059602755930007,-0.11954480817149393,-1.3884762213969464,0.16499208059731674,0.21998944079642233,0.006162365329760777
BTC,weekly,long_sample_contemporaneous_exposure,full_common_sample,co_movement_integration,btc_ret,real_yield_d1,Real-yield change,macro_rates_fx_vol,327,327,327,True,2020-01-10,2026-04-10,tradfi_friday_weekly,Weekly TradFi models use Friday-to-Friday BTC/ETH and TradFi moves.,Local curated close timestamps are treated as provider daily closes; cross-market close-time mismatches are not intraday-adjusted.,qqq_ret|spy_ret|iwm_ret|dxy_ret|gold_ret|vix_d1|real_yield_d1|nominal_10y_d1,831cdf6bb4c09f89,-0.15061524394725703,0.022684951709291745,-0.2956942237871516,-2.3522919819096506,0.01865812252292439,0.029852996036679024,0.02222530325550709
BTC,weekly,long_sample_contemporaneous_exposure,full_common_sample,co_movement_integration,btc_ret,nominal_10y_d1,10Y yield change,macro_rates_fx_vol,327,327,327,True,2020-01-10,2026-04-10,tradfi_friday_weekly,Weekly TradFi models use Friday-to-Friday BTC/ETH and TradFi moves.,Local curated close timestamps are treated as provider daily closes; cross-market close-time mismatches are not intraday-adjusted.,qqq_ret|spy_ret|iwm_ret|dxy_ret|gold_ret|vix_d1|real_yield_d1|nominal_10y_d1,831cdf6bb4c09f89,0.02154632081578667,0.0004642439406966625,0.29185227964260774,2.880133491071966,0.003975068250086563,0.007950136500173125,0.023374057923374103
BTC,weekly,long_sample_contemporaneous_exposure,pre_btc_etf,co_movement_integration,btc_ret,qqq_ret,QQQ return,equity_beta,209,209,209,True,2020-01-10,2024-01-05,tradfi_friday_weekly,Weekly TradFi models use Friday-to-Friday BTC/ETH and TradFi moves.,Local curated close timestamps are treated as provider daily closes; cross-market close-time mismatches are not intraday-adjusted.,qqq_ret|spy_ret|iwm_ret|dxy_ret|gold_ret|vix_d1|real_yield_d1|nominal_10y_d1,601045f9ecee1d03,0.30942255702832644,0.09574231879794781,0.5533307280484903,3.2567817833578934,0.001126830241325852,0.005387100756808272,0.04045803188700181
BTC,weekly,long_sample_contemporaneous_exposure,pre_btc_etf,co_movement_integration,btc_ret,spy_ret,SPY return,equity_beta,209,209,209,True,2020-01-10,2024-01-05,tradfi_friday_weekly,Weekly TradFi models use Friday-to-Friday BTC/ETH and TradFi moves.,Local curated close timestamps are treated as provider daily closes; cross-market close-time mismatches are not intraday-adjusted.,qqq_ret|spy_ret|iwm_ret|dxy_ret|gold_ret|vix_d1|real_yield_d1|nominal_10y_d1,601045f9ecee1d03,0.2892703281172626,0.08367732272906858,-0.8413728008557528,-3.1643016438177867,0.0015545558667039703,0.005387100756808272,0.04688421591046488
BTC,weekly,long_sample_contemporaneous_exposure,pre_btc_etf,co_movement_integration,btc_ret,iwm_ret,IWM return,equity_beta,209,209,209,True,2020-01-10,2024-01-05,tradfi_friday_weekly,Weekly TradFi models use Friday-to-Friday BTC/ETH and TradFi moves.,Local curated close timestamps are treated as provider daily closes; cross-market close-time mismatches are not intraday-adjusted.,qqq_ret|spy_ret|iwm_ret|dxy_ret|gold_ret|vix_d1|real_yield_d1|nominal_10y_d1,601045f9ecee1d03,0.34839679326328316,0.12138032555613876,0.443926211632382,3.087251971994568,0.002020162783803102,0.005387100756808272,0.03647292678961489
BTC,weekly,long_sample_contemporaneous_exposure,pre_btc_etf,co_movement_integration,btc_ret,dxy_ret,DXY return,macro_rates_fx_vol,209,209,209,True,2020-01-10,2024-01-05,tradfi_friday_weekly,Weekly TradFi models use Friday-to-Friday BTC/ETH and TradFi moves.,Local curated close timestamps are treated as provider daily closes; cross-market close-time mismatches are not intraday-adjusted.,qqq_ret|spy_ret|iwm_ret|dxy_ret|gold_ret|vix_d1|real_yield_d1|nominal_10y_d1,601045f9ecee1d03,-0.18490004240285424,0.034188025680577216,-0.01689150913059779,-0.18000075297981194,0.8571519770616739,0.8571519770616739,0.00013293033010797206
BTC,weekly,long_sample_contemporaneous_exposure,pre_btc_etf,co_movement_integration,btc_ret,gold_ret,Gold return,macro_rates_fx_vol,209,209,209,True,2020-01-10,2024-01-05,tradfi_friday_weekly,Weekly TradFi models use Friday-to-Friday BTC/ETH and TradFi moves.,Local curated close timestamps are treated as provider daily closes; cross-market close-time mismatches are not intraday-adjusted.,qqq_ret|spy_ret|iwm_ret|dxy_ret|gold_ret|vix_d1|real_yield_d1|nominal_10y_d1,601045f9ecee1d03,0.223805764901605,0.05008902040319241,0.1021805771678078,1.2652145157511316,0.20579444034502037,0.2351936461085947,0.006107999106407136
BTC,weekly,long_sample_contemporaneous_exposure,pre_btc_etf,co_movement_integration,btc_ret,vix_d1,VIX change,macro_rates_fx_vol,209,209,209,True,2020-01-10,2024-01-05,tradfi_friday_weekly,Weekly TradFi models use Friday-to-Friday BTC/ETH and TradFi moves.,Local curated close timestamps are treated as provider daily closes; cross-market close-time mismatches are not intraday-adjusted.,qqq_ret|spy_ret|iwm_ret|dxy_ret|gold_ret|vix_d1|real_yield_d1|nominal_10y_d1,601045f9ecee1d03,-0.30882130232151866,0.09537059676755877,-0.16077444303613275,-1.8355286075555275,0.06642740434534591,0.08856987246046122,0.011664405203033357
BTC,weekly,long_sample_contemporaneous_exposure,pre_btc_etf,co_movement_integration,btc_ret,real_yield_d1,Real-yield change,macro_rates_fx_vol,209,209,209,True,2020-01-10,2024-01-05,tradfi_friday_weekly,Weekly TradFi models use Friday-to-Friday BTC/ETH and TradFi moves.,Local curated close timestamps are treated as provider daily closes; cross-market close-time mismatches are not intraday-adjusted.,qqq_ret|spy_ret|iwm_ret|dxy_ret|gold_ret|vix_d1|real_yield_d1|nominal_10y_d1,601045f9ecee1d03,-0.18890902667192927,0.035686620358135634,-0.26348155653075345,-1.9564817437158304,0.05040843099098354,0.08065348958557367,0.01791310452576622
BTC,weekly,long_sample_contemporaneous_exposure,pre_btc_etf,co_movement_integration,btc_ret,nominal_10y_d1,10Y yield change,macro_rates_fx_vol,209,209,209,True,2020-01-10,2024-01-05,tradfi_friday_weekly,Weekly TradFi models use Friday-to-Friday BTC/ETH and TradFi moves.,Local curated close timestamps are treated as provider daily closes; cross-market close-time mismatches are not intraday-adjusted.,qqq_ret|spy_ret|iwm_ret|dxy_ret|gold_ret|vix_d1|real_yield_d1|nominal_10y_d1,601045f9ecee1d03,-0.003596994817186765,1.2938371714676933e-05,0.25892611233484697,2.4429181404506006,0.01456904146421284,0.02913808292842568,0.019605248020632904
BTC,weekly,long_sample_contemporaneous_exposure,btc_etf_era,co_movement_integration,btc_ret,qqq_ret,QQQ return,equity_beta,118,118,118,True,2024-01-12,2026-04-10,tradfi_friday_weekly,Weekly TradFi models use Friday-to-Friday BTC/ETH and TradFi moves.,Local curated close timestamps are treated as provider daily closes; cross-market close-time mismatches are not intraday-adjusted.,qqq_ret|spy_ret|iwm_ret|dxy_ret|gold_ret|vix_d1|real_yield_d1|nominal_10y_d1,afc51b431e243d4f,0.24905134276505753,0.06202657133307832,0.6815285989867778,2.0239156136562557,0.04297883513357085,0.1146102270228556,0.03292291118467272
BTC,weekly,long_sample_contemporaneous_exposure,btc_etf_era,co_movement_integration,btc_ret,spy_ret,SPY return,equity_beta,118,118,118,True,2024-01-12,2026-04-10,tradfi_friday_weekly,Weekly TradFi models use Friday-to-Friday BTC/ETH and TradFi moves.,Local curated close timestamps are treated as provider daily closes; cross-market close-time mismatches are not intraday-adjusted.,qqq_ret|spy_ret|iwm_ret|dxy_ret|gold_ret|vix_d1|real_yield_d1|nominal_10y_d1,afc51b431e243d4f,0.2484954029640064,0.061749965294243925,-0.8549823326274654,-2.50626973111184,0.01220125022100206,0.04880500088400824,0.032544099204078636
BTC,weekly,long_sample_contemporaneous_exposure,btc_etf_era,co_movement_integration,btc_ret,iwm_ret,IWM return,equity_beta,118,118,118,True,2024-01-12,2026-04-10,tradfi_friday_weekly,Weekly TradFi models use Friday-to-Friday BTC/ETH and TradFi moves.,Local curated close timestamps are treated as provider daily closes; cross-market close-time mismatches are not intraday-adjusted.,qqq_ret|spy_ret|iwm_ret|dxy_ret|gold_ret|vix_d1|real_yield_d1|nominal_10y_d1,afc51b431e243d4f,0.37758073116721724,0.14256720854877036,0.6448858702817662,5.01778624721679,5.227028656534847e-07,4.181622925227877e-06,0.11219179405831115
BTC,weekly,long_sample_contemporaneous_exposure,btc_etf_era,co_movement_integration,btc_ret,dxy_ret,DXY return,macro_rates_fx_vol,118,118,118,True,2024-01-12,2026-04-10,tradfi_friday_weekly,Weekly TradFi models use Friday-to-Friday BTC/ETH and TradFi moves.,Local curated close timestamps are treated as provider daily closes; cross-market close-time mismatches are not intraday-adjusted.,qqq_ret|spy_ret|iwm_ret|dxy_ret|gold_ret|vix_d1|real_yield_d1|nominal_10y_d1,afc51b431e243d4f,-0.07361698491369441,0.005419460467783299,-0.11664866035591416,-1.307707386811795,0.1909725769189331,0.3260287726484144,0.011368249792355178
BTC,weekly,long_sample_contemporaneous_exposure,btc_etf_era,co_movement_integration,btc_ret,gold_ret,Gold return,macro_rates_fx_vol,118,118,118,True,2024-01-12,2026-04-10,tradfi_friday_weekly,Weekly TradFi models use Friday-to-Friday BTC/ETH and TradFi moves.,Local curated close timestamps are treated as provider daily closes; cross-market close-time mismatches are not intraday-adjusted.,qqq_ret|spy_ret|iwm_ret|dxy_ret|gold_ret|vix_d1|real_yield_d1|nominal_10y_d1,afc51b431e243d4f,-0.038097059809912584,0.0014513859661601236,-0.10272293198739196,-1.231450734643947,0.21815433163369535,0.3260287726484144,0.009495420045352865
BTC,weekly,long_sample_contemporaneous_exposure,btc_etf_era,co_movement_integration,btc_ret,vix_d1,VIX change,macro_rates_fx_vol,118,118,118,True,2024-01-12,2026-04-10,tradfi_friday_weekly,Weekly TradFi models use Friday-to-Friday BTC/ETH and TradFi moves.,Local curated close timestamps are treated as provider daily closes; cross-market close-time mismatches are not intraday-adjusted.,qqq_ret|spy_ret|iwm_ret|dxy_ret|gold_ret|vix_d1|real_yield_d1|nominal_10y_d1,afc51b431e243d4f,-0.21974633669779334,0.04828845249210001,0.09978369037422379,0.9114538926526963,0.36205626883593445,0.41377859295535363,0.002977950630910664
BTC,weekly,long_sample_contemporaneous_exposure,btc_etf_era,co_movement_integration,btc_ret,real_yield_d1,Real-yield change,macro_rates_fx_vol,118,118,118,True,2024-01-12,2026-04-10,tradfi_friday_weekly,Weekly TradFi models use Friday-to-Friday BTC/ETH and TradFi moves.,Local curated close timestamps are treated as provider daily closes; cross-market close-time mismatches are not intraday-adjusted.,qqq_ret|spy_ret|iwm_ret|dxy_ret|gold_ret|vix_d1|real_yield_d1|nominal_10y_d1,afc51b431e243d4f,-0.0014876727439019648,2.213170193110514e-06,-0.12898954975758387,-0.5881969108958395,0.556400130609455,0.556400130609455,0.002270958506128906
BTC,weekly,long_sample_contemporaneous_exposure,btc_etf_era,co_movement_integration,btc_ret,nominal_10y_d1,10Y yield change,macro_rates_fx_vol,118,118,118,True,2024-01-12,2026-04-10,tradfi_friday_weekly,Weekly TradFi models use Friday-to-Friday BTC/ETH and TradFi moves.,Local curated close timestamps are treated as provider daily closes; cross-market close-time mismatches are not intraday-adjusted.,qqq_ret|spy_ret|iwm_ret|dxy_ret|gold_ret|vix_d1|real_yield_d1|nominal_10y_d1,afc51b431e243d4f,0.09778239484125222,0.009561396740890737,0.22936085505611034,1.163759277239503,0.2445215794863108,0.3260287726484144,0.007133202929087701
BTC,daily,long_sample_lagged_state_association,full_common_sample,lagged_state_association,btc_ret,stablecoin_supply_growth_lag1,"Stablecoin supply growth, t-1",liquidity_state,2263,2263,2263,True,2020-01-31,2026-04-11,crypto_calendar_daily,BTC/ETH returns are seven-day crypto close-to-close returns.,Local curated close timestamps are treated as provider daily closes; cross-market close-time mismatches are not intraday-adjusted.,stablecoin_supply_growth_lag1|valuation_sensitive_defi_tvl_growth_lag1|fear_greed_altme_lag1|fear_greed_change_lag1|btc_oi_to_mcap_growth_lag1|btc_funding_z_lag1|btc_exchange_netflow_scaled_lag1,1167a8613df8d6f0,0.024683598278744837,0.0006092800239866358,0.02417751259909027,1.6726428913081166,0.09439761792320717,0.2202611084874834,0.0005692451291977596
BTC,daily,long_sample_lagged_state_association,full_common_sample,lagged_state_association,btc_ret,valuation_sensitive_defi_tvl_growth_lag1,"Valuation-sensitive DeFi TVL growth, t-1",liquidity_state,2263,2263,2263,True,2020-01-31,2026-04-11,crypto_calendar_daily,BTC/ETH returns are seven-day crypto close-to-close returns.,Local curated close timestamps are treated as provider daily closes; cross-market close-time mismatches are not intraday-adjusted.,stablecoin_supply_growth_lag1|valuation_sensitive_defi_tvl_growth_lag1|fear_greed_altme_lag1|fear_greed_change_lag1|btc_oi_to_mcap_growth_lag1|btc_funding_z_lag1|btc_exchange_netflow_scaled_lag1,1167a8613df8d6f0,-0.006684277519402228,4.467956595677336e-05,-0.03363088068007535,-1.1679379267898948,0.24283180420990957,0.42495565736734175,0.0007967562616844059
BTC,daily,long_sample_lagged_state_association,full_common_sample,lagged_state_association,btc_ret,fear_greed_altme_lag1,"Fear & Greed state, t-1",sentiment_state,2263,2263,2263,True,2020-01-31,2026-04-11,crypto_calendar_daily,BTC/ETH returns are seven-day crypto close-to-close returns.,Local curated close timestamps are treated as provider daily closes; cross-market close-time mismatches are not intraday-adjusted.,stablecoin_supply_growth_lag1|valuation_sensitive_defi_tvl_growth_lag1|fear_greed_altme_lag1|fear_greed_change_lag1|btc_oi_to_mcap_growth_lag1|btc_funding_z_lag1|btc_exchange_netflow_scaled_lag1,1167a8613df8d6f0,0.0387520485736212,0.001501721268652445,0.04374124460676558,1.6896220652445564,0.09110028179267574,0.2202611084874834,0.0015378809724964082
BTC,daily,long_sample_lagged_state_association,full_common_sample,lagged_state_association,btc_ret,fear_greed_change_lag1,"Fear & Greed change, t-1",sentiment_state,2263,2263,2263,True,2020-01-31,2026-04-11,crypto_calendar_daily,BTC/ETH returns are seven-day crypto close-to-close returns.,Local curated close timestamps are treated as provider daily closes; cross-market close-time mismatches are not intraday-adjusted.,stablecoin_supply_growth_lag1|valuation_sensitive_defi_tvl_growth_lag1|fear_greed_altme_lag1|fear_greed_change_lag1|btc_oi_to_mcap_growth_lag1|btc_funding_z_lag1|btc_exchange_netflow_scaled_lag1,1167a8613df8d6f0,0.011124783952536684,0.00012376081799048144,0.020028312338738686,0.8604545558027125,0.38953852373442777,0.5453539332281989,0.00031350932004325927
BTC,daily,long_sample_lagged_state_association,full_common_sample,lagged_state_association,btc_ret,btc_oi_to_mcap_growth_lag1,"BTC OI/market-cap growth, t-1",lagged_leverage_state,2263,2263,2263,True,2020-01-31,2026-04-11,crypto_calendar_daily,BTC/ETH returns are seven-day crypto close-to-close returns.,Local curated close timestamps are treated as provider daily closes; cross-market close-time mismatches are not intraday-adjusted.,stablecoin_supply_growth_lag1|valuation_sensitive_defi_tvl_growth_lag1|fear_greed_altme_lag1|fear_greed_change_lag1|btc_oi_to_mcap_growth_lag1|btc_funding_z_lag1|btc_exchange_netflow_scaled_lag1,1167a8613df8d6f0,0.02092676261357689,0.0004379293934848594,0.015271677468843933,0.5501502562230064,0.5822163189386873,0.6792523720951351,0.0002240220804001769
BTC,daily,long_sample_lagged_state_association,full_common_sample,lagged_state_association,btc_ret,btc_funding_z_lag1,"BTC funding z-score, t-1",lagged_leverage_state,2263,2263,2263,True,2020-01-31,2026-04-11,crypto_calendar_daily,BTC/ETH returns are seven-day crypto close-to-close returns.,Local curated close timestamps are treated as provider daily closes; cross-market close-time mismatches are not intraday-adjusted.,stablecoin_supply_growth_lag1|valuation_sensitive_defi_tvl_growth_lag1|fear_greed_altme_lag1|fear_greed_change_lag1|btc_oi_to_mcap_growth_lag1|btc_funding_z_lag1|btc_exchange_netflow_scaled_lag1,1167a8613df8d6f0,0.00480699523523456,2.3107203191763404e-05,-0.007347348945015884,-0.26874663186811826,0.7881246643674598,0.7881246643674598,4.178774840668531e-05
BTC,daily,long_sample_lagged_state_association,full_common_sample,lagged_state_association,btc_ret,btc_exchange_netflow_scaled_lag1,"BTC exchange netflow / lag mcap, t-1",lagged_leverage_state,2263,2263,2263,True,2020-01-31,2026-04-11,crypto_calendar_daily,BTC/ETH returns are seven-day crypto close-to-close returns.,Local curated close timestamps are treated as provider daily closes; cross-market close-time mismatches are not intraday-adjusted.,stablecoin_supply_growth_lag1|valuation_sensitive_defi_tvl_growth_lag1|fear_greed_altme_lag1|fear_greed_change_lag1|btc_oi_to_mcap_growth_lag1|btc_funding_z_lag1|btc_exchange_netflow_scaled_lag1,1167a8613df8d6f0,-0.057321044921972965,0.0032857021909468154,-0.05863427284975589,-1.7797113784616847,0.07512320734890326,0.2202611084874834,0.0033308891963220733
BTC,weekly,long_sample_lagged_state_association,full_common_sample,lagged_state_association,btc_ret,stablecoin_supply_growth_lag1,"Stablecoin supply growth, t-1",liquidity_state,323,323,323,True,2020-02-09,2026-04-12,crypto_week_sunday,Crypto-native weekly state panel uses Sunday-ended crypto weeks; returns sum daily log returns and state variables use week-end or prior week-end values by semantic type.,Local curated close timestamps are treated as provider daily closes; cross-market close-time mismatches are not intraday-adjusted.,stablecoin_supply_growth_lag1|valuation_sensitive_defi_tvl_growth_lag1|fear_greed_altme_lag1|fear_greed_change_lag1|btc_oi_to_mcap_growth_lag1|btc_funding_z_lag1|btc_exchange_netflow_scaled_lag1,1b8b9a4479266c37,0.06039874750076766,0.0036480086996615313,0.03648891618305864,0.6638885633212831,0.5067616366046659,0.8362392786039982,0.0010558756640233202
BTC,weekly,long_sample_lagged_state_association,full_common_sample,lagged_state_association,btc_ret,valuation_sensitive_defi_tvl_growth_lag1,"Valuation-sensitive DeFi TVL growth, t-1",liquidity_state,323,323,323,True,2020-02-09,2026-04-12,crypto_week_sunday,Crypto-native weekly state panel uses Sunday-ended crypto weeks; returns sum daily log returns and state variables use week-end or prior week-end values by semantic type.,Local curated close timestamps are treated as provider daily closes; cross-market close-time mismatches are not intraday-adjusted.,stablecoin_supply_growth_lag1|valuation_sensitive_defi_tvl_growth_lag1|fear_greed_altme_lag1|fear_greed_change_lag1|btc_oi_to_mcap_growth_lag1|btc_funding_z_lag1|btc_exchange_netflow_scaled_lag1,1b8b9a4479266c37,0.05733059375765996,0.003286796980605744,-0.026942606913967763,-0.33687701725652824,0.7362096112688673,0.8362392786039982,0.0003482542816340972
BTC,weekly,long_sample_lagged_state_association,full_common_sample,lagged_state_association,btc_ret,fear_greed_altme_lag1,"Fear & Greed state, t-1",sentiment_state,323,323,323,True,2020-02-09,2026-04-12,crypto_week_sunday,Crypto-native weekly state panel uses Sunday-ended crypto weeks; returns sum daily log returns and state variables use week-end or prior week-end values by semantic type.,Local curated close timestamps are treated as provider daily closes; cross-market close-time mismatches are not intraday-adjusted.,stablecoin_supply_growth_lag1|valuation_sensitive_defi_tvl_growth_lag1|fear_greed_altme_lag1|fear_greed_change_lag1|btc_oi_to_mcap_growth_lag1|btc_funding_z_lag1|btc_exchange_netflow_scaled_lag1,1b8b9a4479266c37,0.10274005617687694,0.010555519143228054,0.06127385633206896,0.8700795408909165,0.38425693750047696,0.8362392786039982,0.0025871666852872455
BTC,weekly,long_sample_lagged_state_association,full_common_sample,lagged_state_association,btc_ret,fear_greed_change_lag1,"Fear & Greed change, t-1",sentiment_state,323,323,323,True,2020-02-09,2026-04-12,crypto_week_sunday,Crypto-native weekly state panel uses Sunday-ended crypto weeks; returns sum daily log returns and state variables use week-end or prior week-end values by semantic type.,Local curated close timestamps are treated as provider daily closes; cross-market close-time mismatches are not intraday-adjusted.,stablecoin_supply_growth_lag1|valuation_sensitive_defi_tvl_growth_lag1|fear_greed_altme_lag1|fear_greed_change_lag1|btc_oi_to_mcap_growth_lag1|btc_funding_z_lag1|btc_exchange_netflow_scaled_lag1,1b8b9a4479266c37,0.1116741245905031,0.012471110103055238,0.10560144764739654,1.632770145243714,0.10251734827454656,0.6642521188244972,0.008107052748696164
BTC,weekly,long_sample_lagged_state_association,full_common_sample,lagged_state_association,btc_ret,btc_oi_to_mcap_growth_lag1,"BTC OI/market-cap growth, t-1",lagged_leverage_state,323,323,323,True,2020-02-09,2026-04-12,crypto_week_sunday,Crypto-native weekly state panel uses Sunday-ended crypto weeks; returns sum daily log returns and state variables use week-end or prior week-end values by semantic type.,Local curated close timestamps are treated as provider daily closes; cross-market close-time mismatches are not intraday-adjusted.,stablecoin_supply_growth_lag1|valuation_sensitive_defi_tvl_growth_lag1|fear_greed_altme_lag1|fear_greed_change_lag1|btc_oi_to_mcap_growth_lag1|btc_funding_z_lag1|btc_exchange_netflow_scaled_lag1,1b8b9a4479266c37,-0.06864540175107957,0.004712191181567071,-0.07590583960632727,-1.31121149548862,0.18978631966414206,0.6642521188244972,0.004845044712714741
BTC,weekly,long_sample_lagged_state_association,full_common_sample,lagged_state_association,btc_ret,btc_funding_z_lag1,"BTC funding z-score, t-1",lagged_leverage_state,323,323,323,True,2020-02-09,2026-04-12,crypto_week_sunday,Crypto-native weekly state panel uses Sunday-ended crypto weeks; returns sum daily log returns and state variables use week-end or prior week-end values by semantic type.,Local curated close timestamps are treated as provider daily closes; cross-market close-time mismatches are not intraday-adjusted.,stablecoin_supply_growth_lag1|valuation_sensitive_defi_tvl_growth_lag1|fear_greed_altme_lag1|fear_greed_change_lag1|btc_oi_to_mcap_growth_lag1|btc_funding_z_lag1|btc_exchange_netflow_scaled_lag1,1b8b9a4479266c37,0.08311127211293129,0.006907483552229365,0.039391611905749725,0.4244731685261702,0.6712207692988001,0.8362392786039982,0.0010901045829675438
BTC,weekly,long_sample_lagged_state_association,full_common_sample,lagged_state_association,btc_ret,btc_exchange_netflow_scaled_lag1,"BTC exchange netflow / lag mcap, t-1",lagged_leverage_state,323,323,323,True,2020-02-09,2026-04-12,crypto_week_sunday,Crypto-native weekly state panel uses Sunday-ended crypto weeks; returns sum daily log returns and state variables use week-end or prior week-end values by semantic type.,Local curated close timestamps are treated as provider daily closes; cross-market close-time mismatches are not intraday-adjusted.,stablecoin_supply_growth_lag1|valuation_sensitive_defi_tvl_growth_lag1|fear_greed_altme_lag1|fear_greed_change_lag1|btc_oi_to_mcap_growth_lag1|btc_funding_z_lag1|btc_exchange_netflow_scaled_lag1,1b8b9a4479266c37,-0.0037050855230762385,1.3727658733087011e-05,-0.014370152945374545,-0.20670624669779156,0.836239278603998,0.8362392786039982,0.00020163478296120196
BTC,daily,etf_era_augmented,btc_etf_era,etf_era_market_plumbing,btc_ret,qqq_ret,QQQ return,equity_beta,434,434,434,True,2024-01-17,2026-04-10,etf_trading_daily,ETF-era daily panel uses dates with ETF flow observations; BTC/ETH returns run from the prior ETF trading date to the current ETF trading date.,Local curated close timestamps are treated as provider daily closes; cross-market close-time mismatches are not intraday-adjusted.,qqq_ret|spy_ret|iwm_ret|dxy_ret|gold_ret|vix_d1|real_yield_d1|nominal_10y_d1|btc_etf_flow_intensity_lag0|btc_etf_flow_intensity_lag1|stablecoin_supply_growth_lag1|valuation_sensitive_defi_tvl_growth_lag1|fear_greed_altme_lag1|fear_greed_change_lag1|btc_oi_to_mcap_growth_lag1|btc_funding_z_lag1|btc_exchange_netflow_scaled_lag1,ac986375910ea80e,0.4073597933170812,0.16594200121133518,0.4027786934142495,2.2917780416851325,0.021918454388505853,0.0745227449209199,0.010586842378527028
BTC,daily,etf_era_augmented,btc_etf_era,etf_era_market_plumbing,btc_ret,spy_ret,SPY return,equity_beta,434,434,434,True,2024-01-17,2026-04-10,etf_trading_daily,ETF-era daily panel uses dates with ETF flow observations; BTC/ETH returns run from the prior ETF trading date to the current ETF trading date.,Local curated close timestamps are treated as provider daily closes; cross-market close-time mismatches are not intraday-adjusted.,qqq_ret|spy_ret|iwm_ret|dxy_ret|gold_ret|vix_d1|real_yield_d1|nominal_10y_d1|btc_etf_flow_intensity_lag0|btc_etf_flow_intensity_lag1|stablecoin_supply_growth_lag1|valuation_sensitive_defi_tvl_growth_lag1|fear_greed_altme_lag1|fear_greed_change_lag1|btc_oi_to_mcap_growth_lag1|btc_funding_z_lag1|btc_exchange_netflow_scaled_lag1,ac986375910ea80e,0.40395612874953457,0.16318055395431053,-0.5006712834350204,-2.527789271276506,0.011478322328421983,0.053951354036508574,0.009611080966728247
BTC,daily,etf_era_augmented,btc_etf_era,etf_era_market_plumbing,btc_ret,iwm_ret,IWM return,equity_beta,434,434,434,True,2024-01-17,2026-04-10,etf_trading_daily,ETF-era daily panel uses dates with ETF flow observations; BTC/ETH returns run from the prior ETF trading date to the current ETF trading date.,Local curated close timestamps are treated as provider daily closes; cross-market close-time mismatches are not intraday-adjusted.,qqq_ret|spy_ret|iwm_ret|dxy_ret|gold_ret|vix_d1|real_yield_d1|nominal_10y_d1|btc_etf_flow_intensity_lag0|btc_etf_flow_intensity_lag1|stablecoin_supply_growth_lag1|valuation_sensitive_defi_tvl_growth_lag1|fear_greed_altme_lag1|fear_greed_change_lag1|btc_oi_to_mcap_growth_lag1|btc_funding_z_lag1|btc_exchange_netflow_scaled_lag1,ac986375910ea80e,0.4579558446961759,0.209723555691388,0.37092098025407594,5.538378685461454,3.052846016971864e-08,2.594919114426085e-07,0.03791017960203191
BTC,daily,etf_era_augmented,btc_etf_era,etf_era_market_plumbing,btc_ret,dxy_ret,DXY return,macro_rates_fx_vol,434,434,434,True,2024-01-17,2026-04-10,etf_trading_daily,ETF-era daily panel uses dates with ETF flow observations; BTC/ETH returns run from the prior ETF trading date to the current ETF trading date.,Local curated close timestamps are treated as provider daily closes; cross-market close-time mismatches are not intraday-adjusted.,qqq_ret|spy_ret|iwm_ret|dxy_ret|gold_ret|vix_d1|real_yield_d1|nominal_10y_d1|btc_etf_flow_intensity_lag0|btc_etf_flow_intensity_lag1|stablecoin_supply_growth_lag1|valuation_sensitive_defi_tvl_growth_lag1|fear_greed_altme_lag1|fear_greed_change_lag1|btc_oi_to_mcap_growth_lag1|btc_funding_z_lag1|btc_exchange_netflow_scaled_lag1,ac986375910ea80e,2.2793053863057274e-05,5.195234242805213e-10,0.060568888356310156,1.4016268602643345,0.1610267017242426,0.24885944811928404,0.003334691833386527
BTC,daily,etf_era_augmented,btc_etf_era,etf_era_market_plumbing,btc_ret,gold_ret,Gold return,macro_rates_fx_vol,434,434,434,True,2024-01-17,2026-04-10,etf_trading_daily,ETF-era daily panel uses dates with ETF flow observations; BTC/ETH returns run from the prior ETF trading date to the current ETF trading date.,Local curated close timestamps are treated as provider daily closes; cross-market close-time mismatches are not intraday-adjusted.,qqq_ret|spy_ret|iwm_ret|dxy_ret|gold_ret|vix_d1|real_yield_d1|nominal_10y_d1|btc_etf_flow_intensity_lag0|btc_etf_flow_intensity_lag1|stablecoin_supply_growth_lag1|valuation_sensitive_defi_tvl_growth_lag1|fear_greed_altme_lag1|fear_greed_change_lag1|btc_oi_to_mcap_growth_lag1|btc_funding_z_lag1|btc_exchange_netflow_scaled_lag1,ac986375910ea80e,0.1382145310941663,0.019103256605579988,0.07871919928696235,1.7949476921223468,0.07266203432432962,0.17646494050194336,0.0052438640335294995
BTC,daily,etf_era_augmented,btc_etf_era,etf_era_market_plumbing,btc_ret,vix_d1,VIX change,macro_rates_fx_vol,434,434,434,True,2024-01-17,2026-04-10,etf_trading_daily,ETF-era daily panel uses dates with ETF flow observations; BTC/ETH returns run from the prior ETF trading date to the current ETF trading date.,Local curated close timestamps are treated as provider daily closes; cross-market close-time mismatches are not intraday-adjusted.,qqq_ret|spy_ret|iwm_ret|dxy_ret|gold_ret|vix_d1|real_yield_d1|nominal_10y_d1|btc_etf_flow_intensity_lag0|btc_etf_flow_intensity_lag1|stablecoin_supply_growth_lag1|valuation_sensitive_defi_tvl_growth_lag1|fear_greed_altme_lag1|fear_greed_change_lag1|btc_oi_to_mcap_growth_lag1|btc_funding_z_lag1|btc_exchange_netflow_scaled_lag1,ac986375910ea80e,-0.37557442777696637,0.14105615079999556,-0.13029083444851752,-2.0269889091398037,0.042663546931111476,0.12088004963814919,0.003991789651820676
BTC,daily,etf_era_augmented,btc_etf_era,etf_era_market_plumbing,btc_ret,real_yield_d1,Real-yield change,macro_rates_fx_vol,434,434,434,True,2024-01-17,2026-04-10,etf_trading_daily,ETF-era daily panel uses dates with ETF flow observations; BTC/ETH returns run from the prior ETF trading date to the current ETF trading date.,Local curated close timestamps are treated as provider daily closes; cross-market close-time mismatches are not intraday-adjusted.,qqq_ret|spy_ret|iwm_ret|dxy_ret|gold_ret|vix_d1|real_yield_d1|nominal_10y_d1|btc_etf_flow_intensity_lag0|btc_etf_flow_intensity_lag1|stablecoin_supply_growth_lag1|valuation_sensitive_defi_tvl_growth_lag1|fear_greed_altme_lag1|fear_greed_change_lag1|btc_oi_to_mcap_growth_lag1|btc_funding_z_lag1|btc_exchange_netflow_scaled_lag1,ac986375910ea80e,-0.012496764473221367,0.0001561691222992101,-0.06407766790801914,-0.9087541783299398,0.3634798987373613,0.41194388523567615,0.000699349274723704
BTC,daily,etf_era_augmented,btc_etf_era,etf_era_market_plumbing,btc_ret,nominal_10y_d1,10Y yield change,macro_rates_fx_vol,434,434,434,True,2024-01-17,2026-04-10,etf_trading_daily,ETF-era daily panel uses dates with ETF flow observations; BTC/ETH returns run from the prior ETF trading date to the current ETF trading date.,Local curated close timestamps are treated as provider daily closes; cross-market close-time mismatches are not intraday-adjusted.,qqq_ret|spy_ret|iwm_ret|dxy_ret|gold_ret|vix_d1|real_yield_d1|nominal_10y_d1|btc_etf_flow_intensity_lag0|btc_etf_flow_intensity_lag1|stablecoin_supply_growth_lag1|valuation_sensitive_defi_tvl_growth_lag1|fear_greed_altme_lag1|fear_greed_change_lag1|btc_oi_to_mcap_growth_lag1|btc_funding_z_lag1|btc_exchange_netflow_scaled_lag1,ac986375910ea80e,0.08110347250500337,0.006577773252369634,0.12739132020525798,1.5047260095611474,0.1323945332399388,0.2357085217897777,0.0027836725341023882
BTC,daily,etf_era_augmented,btc_etf_era,etf_era_market_plumbing,btc_ret,btc_etf_flow_intensity_lag0,"BTC ETF flow / lag mcap, t",etf_flow_lag0,434,434,434,True,2024-01-17,2026-04-10,etf_trading_daily,ETF-era daily panel uses dates with ETF flow observations; BTC/ETH returns run from the prior ETF trading date to the current ETF trading date.,Local curated close timestamps are treated as provider daily closes; cross-market close-time mismatches are not intraday-adjusted.,qqq_ret|spy_ret|iwm_ret|dxy_ret|gold_ret|vix_d1|real_yield_d1|nominal_10y_d1|btc_etf_flow_intensity_lag0|btc_etf_flow_intensity_lag1|stablecoin_supply_growth_lag1|valuation_sensitive_defi_tvl_growth_lag1|fear_greed_altme_lag1|fear_greed_change_lag1|btc_oi_to_mcap_growth_lag1|btc_funding_z_lag1|btc_exchange_netflow_scaled_lag1,ac986375910ea80e,0.3851861632676293,0.1483683803728365,0.40654711243961034,7.250016403615554,4.167211595655926e-13,7.0842597126150744e-12,0.09977117769017685
BTC,daily,etf_era_augmented,btc_etf_era,etf_era_market_plumbing,btc_ret,btc_etf_flow_intensity_lag1,"BTC ETF flow / lag mcap, t-1",etf_flow_lag1,434,434,434,True,2024-01-17,2026-04-10,etf_trading_daily,ETF-era daily panel uses dates with ETF flow observations; BTC/ETH returns run from the prior ETF trading date to the current ETF trading date.,Local curated close timestamps are treated as provider daily closes; cross-market close-time mismatches are not intraday-adjusted.,qqq_ret|spy_ret|iwm_ret|dxy_ret|gold_ret|vix_d1|real_yield_d1|nominal_10y_d1|btc_etf_flow_intensity_lag0|btc_etf_flow_intensity_lag1|stablecoin_supply_growth_lag1|valuation_sensitive_defi_tvl_growth_lag1|fear_greed_altme_lag1|fear_greed_change_lag1|btc_oi_to_mcap_growth_lag1|btc_funding_z_lag1|btc_exchange_netflow_scaled_lag1,ac986375910ea80e,0.057635287949451657,0.0033218264170162826,-0.13203605632627186,-2.4922284393071363,0.012694436243884371,0.053951354036508574,0.009670128400621092
BTC,daily,etf_era_augmented,btc_etf_era,etf_era_market_plumbing,btc_ret,stablecoin_supply_growth_lag1,"Stablecoin supply growth, t-1",lagged_state,434,434,434,True,2024-01-17,2026-04-10,etf_trading_daily,ETF-era daily panel uses dates with ETF flow observations; BTC/ETH returns run from the prior ETF trading date to the current ETF trading date.,Local curated close timestamps are treated as provider daily closes; cross-market close-time mismatches are not intraday-adjusted.,qqq_ret|spy_ret|iwm_ret|dxy_ret|gold_ret|vix_d1|real_yield_d1|nominal_10y_d1|btc_etf_flow_intensity_lag0|btc_etf_flow_intensity_lag1|stablecoin_supply_growth_lag1|valuation_sensitive_defi_tvl_growth_lag1|fear_greed_altme_lag1|fear_greed_change_lag1|btc_oi_to_mcap_growth_lag1|btc_funding_z_lag1|btc_exchange_netflow_scaled_lag1,ac986375910ea80e,0.051058400463765204,0.0026069602579181783,0.03173345763714271,0.9822442803506586,0.3259795175771587,0.3958322713436927,0.0009477362658969479
BTC,daily,etf_era_augmented,btc_etf_era,etf_era_market_plumbing,btc_ret,valuation_sensitive_defi_tvl_growth_lag1,"Valuation-sensitive DeFi TVL growth, t-1",lagged_state,434,434,434,True,2024-01-17,2026-04-10,etf_trading_daily,ETF-era daily panel uses dates with ETF flow observations; BTC/ETH returns run from the prior ETF trading date to the current ETF trading date.,Local curated close timestamps are treated as provider daily closes; cross-market close-time mismatches are not intraday-adjusted.,qqq_ret|spy_ret|iwm_ret|dxy_ret|gold_ret|vix_d1|real_yield_d1|nominal_10y_d1|btc_etf_flow_intensity_lag0|btc_etf_flow_intensity_lag1|stablecoin_supply_growth_lag1|valuation_sensitive_defi_tvl_growth_lag1|fear_greed_altme_lag1|fear_greed_change_lag1|btc_oi_to_mcap_growth_lag1|btc_funding_z_lag1|btc_exchange_netflow_scaled_lag1,ac986375910ea80e,-0.05567938745682962,0.003100194187567795,-0.07288161976321235,-1.4945385995289462,0.13503490089525028,0.2357085217897777,0.002975326625106467
BTC,daily,etf_era_augmented,btc_etf_era,etf_era_market_plumbing,btc_ret,fear_greed_altme_lag1,"Fear & Greed state, t-1",lagged_state,434,434,434,True,2024-01-17,2026-04-10,etf_trading_daily,ETF-era daily panel uses dates with ETF flow observations; BTC/ETH returns run from the prior ETF trading date to the current ETF trading date.,Local curated close timestamps are treated as provider daily closes; cross-market close-time mismatches are not intraday-adjusted.,qqq_ret|spy_ret|iwm_ret|dxy_ret|gold_ret|vix_d1|real_yield_d1|nominal_10y_d1|btc_etf_flow_intensity_lag0|btc_etf_flow_intensity_lag1|stablecoin_supply_growth_lag1|valuation_sensitive_defi_tvl_growth_lag1|fear_greed_altme_lag1|fear_greed_change_lag1|btc_oi_to_mcap_growth_lag1|btc_funding_z_lag1|btc_exchange_netflow_scaled_lag1,ac986375910ea80e,0.004428450338088227,1.961117239690502e-05,-0.057869988192004215,-1.480829281308094,0.1386520716410457,0.2357085217897777,0.0024000427331907215
BTC,daily,etf_era_augmented,btc_etf_era,etf_era_market_plumbing,btc_ret,fear_greed_change_lag1,"Fear & Greed change, t-1",lagged_state,434,434,434,True,2024-01-17,2026-04-10,etf_trading_daily,ETF-era daily panel uses dates with ETF flow observations; BTC/ETH returns run from the prior ETF trading date to the current ETF trading date.,Local curated close timestamps are treated as provider daily closes; cross-market close-time mismatches are not intraday-adjusted.,qqq_ret|spy_ret|iwm_ret|dxy_ret|gold_ret|vix_d1|real_yield_d1|nominal_10y_d1|btc_etf_flow_intensity_lag0|btc_etf_flow_intensity_lag1|stablecoin_supply_growth_lag1|valuation_sensitive_defi_tvl_growth_lag1|fear_greed_altme_lag1|fear_greed_change_lag1|btc_oi_to_mcap_growth_lag1|btc_funding_z_lag1|btc_exchange_netflow_scaled_lag1,ac986375910ea80e,0.028895192382694026,0.0008349321428328116,0.04979724416279735,1.0966913823386313,0.272776324860581,0.3567075017407598,0.0014910151503246816
BTC,daily,etf_era_augmented,btc_etf_era,etf_era_market_plumbing,btc_ret,btc_oi_to_mcap_growth_lag1,"BTC OI/market-cap growth, t-1",lagged_state,434,434,434,True,2024-01-17,2026-04-10,etf_trading_daily,ETF-era daily panel uses dates with ETF flow observations; BTC/ETH returns run from the prior ETF trading date to the current ETF trading date.,Local curated close timestamps are treated as provider daily closes; cross-market close-time mismatches are not intraday-adjusted.,qqq_ret|spy_ret|iwm_ret|dxy_ret|gold_ret|vix_d1|real_yield_d1|nominal_10y_d1|btc_etf_flow_intensity_lag0|btc_etf_flow_intensity_lag1|stablecoin_supply_growth_lag1|valuation_sensitive_defi_tvl_growth_lag1|fear_greed_altme_lag1|fear_greed_change_lag1|btc_oi_to_mcap_growth_lag1|btc_funding_z_lag1|btc_exchange_netflow_scaled_lag1,ac986375910ea80e,-0.07922192446045428,0.006276113315217713,-0.05506732829361708,-1.350939484470874,0.17671481865254146,0.2503459930911004,0.002814557257626027
BTC,daily,etf_era_augmented,btc_etf_era,etf_era_market_plumbing,btc_ret,btc_funding_z_lag1,"BTC funding z-score, t-1",lagged_state,434,434,434,True,2024-01-17,2026-04-10,etf_trading_daily,ETF-era daily panel uses dates with ETF flow observations; BTC/ETH returns run from the prior ETF trading date to the current ETF trading date.,Local curated close timestamps are treated as provider daily closes; cross-market close-time mismatches are not intraday-adjusted.,qqq_ret|spy_ret|iwm_ret|dxy_ret|gold_ret|vix_d1|real_yield_d1|nominal_10y_d1|btc_etf_flow_intensity_lag0|btc_etf_flow_intensity_lag1|stablecoin_supply_growth_lag1|valuation_sensitive_defi_tvl_growth_lag1|fear_greed_altme_lag1|fear_greed_change_lag1|btc_oi_to_mcap_growth_lag1|btc_funding_z_lag1|btc_exchange_netflow_scaled_lag1,ac986375910ea80e,0.03818336165400334,0.0014579691072004186,0.02249077888690033,0.5303867521718709,0.5958438092886795,0.5958438092886795,0.0003954846159847092
BTC,daily,etf_era_augmented,btc_etf_era,etf_era_market_plumbing,btc_ret,btc_exchange_netflow_scaled_lag1,"BTC exchange netflow / lag mcap, t-1",lagged_state,434,434,434,True,2024-01-17,2026-04-10,etf_trading_daily,ETF-era daily panel uses dates with ETF flow observations; BTC/ETH returns run from the prior ETF trading date to the current ETF trading date.,Local curated close timestamps are treated as provider daily closes; cross-market close-time mismatches are not intraday-adjusted.,qqq_ret|spy_ret|iwm_ret|dxy_ret|gold_ret|vix_d1|real_yield_d1|nominal_10y_d1|btc_etf_flow_intensity_lag0|btc_etf_flow_intensity_lag1|stablecoin_supply_growth_lag1|valuation_sensitive_defi_tvl_growth_lag1|fear_greed_altme_lag1|fear_greed_change_lag1|btc_oi_to_mcap_growth_lag1|btc_funding_z_lag1|btc_exchange_netflow_scaled_lag1,ac986375910ea80e,0.0633646734485789,0.004015081841245105,0.030044875964083,0.6229674273237499,0.533305926915803,0.5666375473480407,0.0008459304295345138
BTC,weekly,etf_era_augmented,btc_etf_era,etf_era_market_plumbing,btc_ret,qqq_ret,QQQ return,equity_beta,118,118,118,True,2024-01-12,2026-04-10,etf_friday_weekly,Weekly TradFi models use Friday-to-Friday BTC/ETH and TradFi moves. ETF-era weekly rows are Friday-ended trading-week summaries.,Local curated close timestamps are treated as provider daily closes; cross-market close-time mismatches are not intraday-adjusted.,qqq_ret|spy_ret|iwm_ret|dxy_ret|gold_ret|vix_d1|real_yield_d1|nominal_10y_d1|btc_etf_flow_intensity_lag0|stablecoin_supply_growth_lag1|valuation_sensitive_defi_tvl_growth_lag1|fear_greed_altme_lag1|fear_greed_change_lag1|btc_oi_to_mcap_growth_lag1|btc_funding_z_lag1|btc_exchange_netflow_scaled_lag1,afc51b431e243d4f,0.24905134276505753,0.06202657133307832,0.4200506104530691,1.3834112840783155,0.16653879254087334,0.28755742265534484,0.010931033894427622
BTC,weekly,etf_era_augmented,btc_etf_era,etf_era_market_plumbing,btc_ret,spy_ret,SPY return,equity_beta,118,118,118,True,2024-01-12,2026-04-10,etf_friday_weekly,Weekly TradFi models use Friday-to-Friday BTC/ETH and TradFi moves. ETF-era weekly rows are Friday-ended trading-week summaries.,Local curated close timestamps are treated as provider daily closes; cross-market close-time mismatches are not intraday-adjusted.,qqq_ret|spy_ret|iwm_ret|dxy_ret|gold_ret|vix_d1|real_yield_d1|nominal_10y_d1|btc_etf_flow_intensity_lag0|stablecoin_supply_growth_lag1|valuation_sensitive_defi_tvl_growth_lag1|fear_greed_altme_lag1|fear_greed_change_lag1|btc_oi_to_mcap_growth_lag1|btc_funding_z_lag1|btc_exchange_netflow_scaled_lag1,afc51b431e243d4f,0.2484954029640064,0.061749965294243925,-0.6452887935034138,-1.950175559389099,0.05115519780430401,0.13641386081147736,0.016628957868673244
BTC,weekly,etf_era_augmented,btc_etf_era,etf_era_market_plumbing,btc_ret,iwm_ret,IWM return,equity_beta,118,118,118,True,2024-01-12,2026-04-10,etf_friday_weekly,Weekly TradFi models use Friday-to-Friday BTC/ETH and TradFi moves. ETF-era weekly rows are Friday-ended trading-week summaries.,Local curated close timestamps are treated as provider daily closes; cross-market close-time mismatches are not intraday-adjusted.,qqq_ret|spy_ret|iwm_ret|dxy_ret|gold_ret|vix_d1|real_yield_d1|nominal_10y_d1|btc_etf_flow_intensity_lag0|stablecoin_supply_growth_lag1|valuation_sensitive_defi_tvl_growth_lag1|fear_greed_altme_lag1|fear_greed_change_lag1|btc_oi_to_mcap_growth_lag1|btc_funding_z_lag1|btc_exchange_netflow_scaled_lag1,afc51b431e243d4f,0.37758073116721724,0.14256720854877036,0.44509101467499623,3.3178081987998773,0.0009072676160227255,0.007258140928181804,0.04786263651385736
BTC,weekly,etf_era_augmented,btc_etf_era,etf_era_market_plumbing,btc_ret,dxy_ret,DXY return,macro_rates_fx_vol,118,118,118,True,2024-01-12,2026-04-10,etf_friday_weekly,Weekly TradFi models use Friday-to-Friday BTC/ETH and TradFi moves. ETF-era weekly rows are Friday-ended trading-week summaries.,Local curated close timestamps are treated as provider daily closes; cross-market close-time mismatches are not intraday-adjusted.,qqq_ret|spy_ret|iwm_ret|dxy_ret|gold_ret|vix_d1|real_yield_d1|nominal_10y_d1|btc_etf_flow_intensity_lag0|stablecoin_supply_growth_lag1|valuation_sensitive_defi_tvl_growth_lag1|fear_greed_altme_lag1|fear_greed_change_lag1|btc_oi_to_mcap_growth_lag1|btc_funding_z_lag1|btc_exchange_netflow_scaled_lag1,afc51b431e243d4f,-0.07361698491369441,0.005419460467783299,-0.1561437594467054,-2.530214535709496,0.011399280238232917,0.04559712095293167,0.01803079929656859
BTC,weekly,etf_era_augmented,btc_etf_era,etf_era_market_plumbing,btc_ret,gold_ret,Gold return,macro_rates_fx_vol,118,118,118,True,2024-01-12,2026-04-10,etf_friday_weekly,Weekly TradFi models use Friday-to-Friday BTC/ETH and TradFi moves. ETF-era weekly rows are Friday-ended trading-week summaries.,Local curated close timestamps are treated as provider daily closes; cross-market close-time mismatches are not intraday-adjusted.,qqq_ret|spy_ret|iwm_ret|dxy_ret|gold_ret|vix_d1|real_yield_d1|nominal_10y_d1|btc_etf_flow_intensity_lag0|stablecoin_supply_growth_lag1|valuation_sensitive_defi_tvl_growth_lag1|fear_greed_altme_lag1|fear_greed_change_lag1|btc_oi_to_mcap_growth_lag1|btc_funding_z_lag1|btc_exchange_netflow_scaled_lag1,afc51b431e243d4f,-0.038097059809912584,0.0014513859661601236,-0.07999701780605431,-1.3416072039440599,0.17972338915959052,0.28755742265534484,0.005656960452689597
BTC,weekly,etf_era_augmented,btc_etf_era,etf_era_market_plumbing,btc_ret,vix_d1,VIX change,macro_rates_fx_vol,118,118,118,True,2024-01-12,2026-04-10,etf_friday_weekly,Weekly TradFi models use Friday-to-Friday BTC/ETH and TradFi moves. ETF-era weekly rows are Friday-ended trading-week summaries.,Local curated close timestamps are treated as provider daily closes; cross-market close-time mismatches are not intraday-adjusted.,qqq_ret|spy_ret|iwm_ret|dxy_ret|gold_ret|vix_d1|real_yield_d1|nominal_10y_d1|btc_etf_flow_intensity_lag0|stablecoin_supply_growth_lag1|valuation_sensitive_defi_tvl_growth_lag1|fear_greed_altme_lag1|fear_greed_change_lag1|btc_oi_to_mcap_growth_lag1|btc_funding_z_lag1|btc_exchange_netflow_scaled_lag1,afc51b431e243d4f,-0.21974633669779334,0.04828845249210001,-0.04460561380038298,-0.4780291068139745,0.6326294885073551,0.7869271862227728,0.0005645846553222755
BTC,weekly,etf_era_augmented,btc_etf_era,etf_era_market_plumbing,btc_ret,real_yield_d1,Real-yield change,macro_rates_fx_vol,118,118,118,True,2024-01-12,2026-04-10,etf_friday_weekly,Weekly TradFi models use Friday-to-Friday BTC/ETH and TradFi moves. ETF-era weekly rows are Friday-ended trading-week summaries.,Local curated close timestamps are treated as provider daily closes; cross-market close-time mismatches are not intraday-adjusted.,qqq_ret|spy_ret|iwm_ret|dxy_ret|gold_ret|vix_d1|real_yield_d1|nominal_10y_d1|btc_etf_flow_intensity_lag0|stablecoin_supply_growth_lag1|valuation_sensitive_defi_tvl_growth_lag1|fear_greed_altme_lag1|fear_greed_change_lag1|btc_oi_to_mcap_growth_lag1|btc_funding_z_lag1|btc_exchange_netflow_scaled_lag1,afc51b431e243d4f,-0.0014876727439019648,2.213170193110514e-06,-0.022392888388399288,-0.14539776693003634,0.8843968276612786,0.9713586247400424,6.529305953961728e-05
BTC,weekly,etf_era_augmented,btc_etf_era,etf_era_market_plumbing,btc_ret,nominal_10y_d1,10Y yield change,macro_rates_fx_vol,118,118,118,True,2024-01-12,2026-04-10,etf_friday_weekly,Weekly TradFi models use Friday-to-Friday BTC/ETH and TradFi moves. ETF-era weekly rows are Friday-ended trading-week summaries.,Local curated close timestamps are treated as provider daily closes; cross-market close-time mismatches are not intraday-adjusted.,qqq_ret|spy_ret|iwm_ret|dxy_ret|gold_ret|vix_d1|real_yield_d1|nominal_10y_d1|btc_etf_flow_intensity_lag0|stablecoin_supply_growth_lag1|valuation_sensitive_defi_tvl_growth_lag1|fear_greed_altme_lag1|fear_greed_change_lag1|btc_oi_to_mcap_growth_lag1|btc_funding_z_lag1|btc_exchange_netflow_scaled_lag1,afc51b431e243d4f,0.09778239484125222,0.009561396740890737,0.10087860298972237,0.6793274269420269,0.49693042199433246,0.7228078865372108,0.0012478130988637925
BTC,weekly,etf_era_augmented,btc_etf_era,etf_era_market_plumbing,btc_ret,btc_etf_flow_intensity_lag0,"BTC ETF flow / lag mcap, t",etf_flow_lag0,118,118,118,True,2024-01-12,2026-04-10,etf_friday_weekly,Weekly TradFi models use Friday-to-Friday BTC/ETH and TradFi moves. ETF-era weekly rows are Friday-ended trading-week summaries.,Local curated close timestamps are treated as provider daily closes; cross-market close-time mismatches are not intraday-adjusted.,qqq_ret|spy_ret|iwm_ret|dxy_ret|gold_ret|vix_d1|real_yield_d1|nominal_10y_d1|btc_etf_flow_intensity_lag0|stablecoin_supply_growth_lag1|valuation_sensitive_defi_tvl_growth_lag1|fear_greed_altme_lag1|fear_greed_change_lag1|btc_oi_to_mcap_growth_lag1|btc_funding_z_lag1|btc_exchange_netflow_scaled_lag1,afc51b431e243d4f,0.6897504337998799,0.4757556609271224,0.6778017679890933,16.604816078709565,6.4316979707014476e-62,1.0290716753122316e-60,0.3503575045861027
BTC,weekly,etf_era_augmented,btc_etf_era,etf_era_market_plumbing,btc_ret,stablecoin_supply_growth_lag1,"Stablecoin supply growth, t-1",lagged_state,118,118,118,True,2024-01-12,2026-04-10,etf_friday_weekly,Weekly TradFi models use Friday-to-Friday BTC/ETH and TradFi moves. ETF-era weekly rows are Friday-ended trading-week summaries.,Local curated close timestamps are treated as provider daily closes; cross-market close-time mismatches are not intraday-adjusted.,qqq_ret|spy_ret|iwm_ret|dxy_ret|gold_ret|vix_d1|real_yield_d1|nominal_10y_d1|btc_etf_flow_intensity_lag0|stablecoin_supply_growth_lag1|valuation_sensitive_defi_tvl_growth_lag1|fear_greed_altme_lag1|fear_greed_change_lag1|btc_oi_to_mcap_growth_lag1|btc_funding_z_lag1|btc_exchange_netflow_scaled_lag1,afc51b431e243d4f,0.024863636950446015,0.0006182004424034604,0.1250706609790485,2.6211484758210384,0.008763408620092455,0.04559712095293167,0.010659734686351396
BTC,weekly,etf_era_augmented,btc_etf_era,etf_era_market_plumbing,btc_ret,valuation_sensitive_defi_tvl_growth_lag1,"Valuation-sensitive DeFi TVL growth, t-1",lagged_state,118,118,118,True,2024-01-12,2026-04-10,etf_friday_weekly,Weekly TradFi models use Friday-to-Friday BTC/ETH and TradFi moves. ETF-era weekly rows are Friday-ended trading-week summaries.,Local curated close timestamps are treated as provider daily closes; cross-market close-time mismatches are not intraday-adjusted.,qqq_ret|spy_ret|iwm_ret|dxy_ret|gold_ret|vix_d1|real_yield_d1|nominal_10y_d1|btc_etf_flow_intensity_lag0|stablecoin_supply_growth_lag1|valuation_sensitive_defi_tvl_growth_lag1|fear_greed_altme_lag1|fear_greed_change_lag1|btc_oi_to_mcap_growth_lag1|btc_funding_z_lag1|btc_exchange_netflow_scaled_lag1,afc51b431e243d4f,0.06776357470662235,0.004591902057020092,-0.031226828307125417,-0.46856816240637544,0.6393783388060029,0.7869271862227728,0.0003324181995343345
BTC,weekly,etf_era_augmented,btc_etf_era,etf_era_market_plumbing,btc_ret,fear_greed_altme_lag1,"Fear & Greed state, t-1",lagged_state,118,118,118,True,2024-01-12,2026-04-10,etf_friday_weekly,Weekly TradFi models use Friday-to-Friday BTC/ETH and TradFi moves. ETF-era weekly rows are Friday-ended trading-week summaries.,Local curated close timestamps are treated as provider daily closes; cross-market close-time mismatches are not intraday-adjusted.,qqq_ret|spy_ret|iwm_ret|dxy_ret|gold_ret|vix_d1|real_yield_d1|nominal_10y_d1|btc_etf_flow_intensity_lag0|stablecoin_supply_growth_lag1|valuation_sensitive_defi_tvl_growth_lag1|fear_greed_altme_lag1|fear_greed_change_lag1|btc_oi_to_mcap_growth_lag1|btc_funding_z_lag1|btc_exchange_netflow_scaled_lag1,afc51b431e243d4f,0.03440562530157278,0.0011837470523924365,-0.10967389742069804,-2.0272468836418502,0.04263717062994765,0.13641386081147736,0.007283363449754998
BTC,weekly,etf_era_augmented,btc_etf_era,etf_era_market_plumbing,btc_ret,fear_greed_change_lag1,"Fear & Greed change, t-1",lagged_state,118,118,118,True,2024-01-12,2026-04-10,etf_friday_weekly,Weekly TradFi models use Friday-to-Friday BTC/ETH and TradFi moves. ETF-era weekly rows are Friday-ended trading-week summaries.,Local curated close timestamps are treated as provider daily closes; cross-market close-time mismatches are not intraday-adjusted.,qqq_ret|spy_ret|iwm_ret|dxy_ret|gold_ret|vix_d1|real_yield_d1|nominal_10y_d1|btc_etf_flow_intensity_lag0|stablecoin_supply_growth_lag1|valuation_sensitive_defi_tvl_growth_lag1|fear_greed_altme_lag1|fear_greed_change_lag1|btc_oi_to_mcap_growth_lag1|btc_funding_z_lag1|btc_exchange_netflow_scaled_lag1,afc51b431e243d4f,-0.06192011922273,0.003834101164557291,-0.08439681028934833,-1.3809778511542101,0.16728577090869035,0.28755742265534484,0.0037915679424066484
BTC,weekly,etf_era_augmented,btc_etf_era,etf_era_market_plumbing,btc_ret,btc_oi_to_mcap_growth_lag1,"BTC OI/market-cap growth, t-1",lagged_state,118,118,118,True,2024-01-12,2026-04-10,etf_friday_weekly,Weekly TradFi models use Friday-to-Friday BTC/ETH and TradFi moves. ETF-era weekly rows are Friday-ended trading-week summaries.,Local curated close timestamps are treated as provider daily closes; cross-market close-time mismatches are not intraday-adjusted.,qqq_ret|spy_ret|iwm_ret|dxy_ret|gold_ret|vix_d1|real_yield_d1|nominal_10y_d1|btc_etf_flow_intensity_lag0|stablecoin_supply_growth_lag1|valuation_sensitive_defi_tvl_growth_lag1|fear_greed_altme_lag1|fear_greed_change_lag1|btc_oi_to_mcap_growth_lag1|btc_funding_z_lag1|btc_exchange_netflow_scaled_lag1,afc51b431e243d4f,0.020387207655807517,0.00041563823600088146,0.0803818242411047,1.6059605178883016,0.10828258517056678,0.24750305181843837,0.0055133994273266484
BTC,weekly,etf_era_augmented,btc_etf_era,etf_era_market_plumbing,btc_ret,btc_funding_z_lag1,"BTC funding z-score, t-1",lagged_state,118,118,118,True,2024-01-12,2026-04-10,etf_friday_weekly,Weekly TradFi models use Friday-to-Friday BTC/ETH and TradFi moves. ETF-era weekly rows are Friday-ended trading-week summaries.,Local curated close timestamps are treated as provider daily closes; cross-market close-time mismatches are not intraday-adjusted.,qqq_ret|spy_ret|iwm_ret|dxy_ret|gold_ret|vix_d1|real_yield_d1|nominal_10y_d1|btc_etf_flow_intensity_lag0|stablecoin_supply_growth_lag1|valuation_sensitive_defi_tvl_growth_lag1|fear_greed_altme_lag1|fear_greed_change_lag1|btc_oi_to_mcap_growth_lag1|btc_funding_z_lag1|btc_exchange_netflow_scaled_lag1,afc51b431e243d4f,-0.009001756490158167,8.103161990824503e-05,-0.0044472184753681695,-0.08604420298566756,0.9314312785977241,0.9713586247400424,1.280945570691916e-05
BTC,weekly,etf_era_augmented,btc_etf_era,etf_era_market_plumbing,btc_ret,btc_exchange_netflow_scaled_lag1,"BTC exchange netflow / lag mcap, t-1",lagged_state,118,118,118,True,2024-01-12,2026-04-10,etf_friday_weekly,Weekly TradFi models use Friday-to-Friday BTC/ETH and TradFi moves. ETF-era weekly rows are Friday-ended trading-week summaries.,Local curated close timestamps are treated as provider daily closes; cross-market close-time mismatches are not intraday-adjusted.,qqq_ret|spy_ret|iwm_ret|dxy_ret|gold_ret|vix_d1|real_yield_d1|nominal_10y_d1|btc_etf_flow_intensity_lag0|stablecoin_supply_growth_lag1|valuation_sensitive_defi_tvl_growth_lag1|fear_greed_altme_lag1|fear_greed_change_lag1|btc_oi_to_mcap_growth_lag1|btc_funding_z_lag1|btc_exchange_netflow_scaled_lag1,afc51b431e243d4f,-0.11835810128904674,0.014008640140748319,0.004098167685011863,0.03590435321942237,0.9713586247400424,0.9713586247400424,1.3774403844868388e-05
