feature_id,frequency,observations,first_valid_date,last_valid_date,missing_pct,source,registered_feature
BAMLH0A0HYM2,daily,1090,2023-04-18,2026-04-11,0.524640209332752,processed_panel_inventory,False
DCOILWTICO,daily,2290,2020-01-02,2026-04-11,0.00130832969908417,processed_panel_inventory,False
DFF,daily,2293,2020-01-01,2026-04-11,0,processed_panel_inventory,False
DFII10,daily,2292,2020-01-02,2026-04-11,0.000436109899694723,processed_panel_inventory,False
DGS10,daily,2292,2020-01-02,2026-04-11,0.000436109899694723,processed_panel_inventory,False
DGS2,daily,2292,2020-01-02,2026-04-11,0.000436109899694723,processed_panel_inventory,False
DGS30,daily,2292,2020-01-02,2026-04-11,0.000436109899694723,processed_panel_inventory,False
DTWEXBGS,daily,2290,2020-01-02,2026-04-11,0.00130832969908417,processed_panel_inventory,False
RRPONTSYD,daily,2292,2020-01-02,2026-04-11,0.000436109899694723,processed_panel_inventory,False
SOFR,daily,2292,2020-01-02,2026-04-11,0.000436109899694723,processed_panel_inventory,False
T10Y2Y,daily,2292,2020-01-02,2026-04-11,0.000436109899694723,processed_panel_inventory,False
USEPUINDXD,daily,2293,2020-01-01,2026-04-11,0,processed_panel_inventory,False
VIXCLS,daily,2292,2020-01-02,2026-04-11,0.000436109899694723,processed_panel_inventory,False
asset_class_final,monthly,15600,2020-01-01,2026-06-01,0,processed_panel_inventory,False
asset_key,monthly,15600,2020-01-01,2026-06-01,0,processed_panel_inventory,False
asset_name,monthly,15600,2020-01-01,2026-06-01,0,processed_panel_inventory,False
btc_abs_funding,daily,2293,2020-01-01,2026-04-11,0,processed_panel_inventory,False
btc_basis_z,daily,2021,2020-01-31,2026-04-11,0.0791717417783191,processed_panel_inventory,False
btc_bottom5,daily,2293,2020-01-01,2026-04-11,0,processed_panel_inventory,False
btc_close,daily,2293,2020-01-01,2026-04-11,0,processed_panel_inventory,False
btc_close,weekly,329,2020-01-03,2026-04-17,0,processed_panel_inventory,False
btc_dominance,daily,2293,2020-01-01,2026-04-11,0,processed_panel_inventory,False
btc_dominance,weekly,328,2020-01-05,2026-04-12,0,processed_panel_inventory,False
btc_drawdown,daily,2293,2020-01-01,2026-04-11,0,processed_panel_inventory,False
btc_etf_arkb,daily,821,2024-01-11,2026-04-10,0.641953772350632,processed_panel_inventory,False
btc_etf_bitb,daily,821,2024-01-11,2026-04-10,0.641953772350632,processed_panel_inventory,False
btc_etf_brrr,daily,821,2024-01-11,2026-04-10,0.641953772350632,processed_panel_inventory,False
btc_etf_btc,daily,619,2024-07-31,2026-04-10,0.730047972088966,processed_panel_inventory,False
btc_etf_btco,daily,821,2024-01-11,2026-04-10,0.641953772350632,processed_panel_inventory,False
btc_etf_btcw,daily,821,2024-01-11,2026-04-10,0.641953772350632,processed_panel_inventory,False
btc_etf_cumulative_flow_usd,daily,2293,2020-01-01,2026-04-11,0,processed_panel_inventory,False
btc_etf_ezbc,daily,821,2024-01-11,2026-04-10,0.641953772350632,processed_panel_inventory,False
btc_etf_fbtc,daily,821,2024-01-11,2026-04-10,0.641953772350632,processed_panel_inventory,False
btc_etf_flow_intensity,daily,821,2024-01-11,2026-04-10,0.00121802679658952,processed_panel_inventory,False
btc_etf_flow_intensity,weekly,118,2024-01-12,2026-04-12,0.640243902439024,processed_panel_inventory,False
btc_etf_flow_intensity_lag0,daily,821,2024-01-11,2026-04-10,0.00121802679658952,processed_panel_inventory,True
btc_etf_flow_intensity_lag0,weekly,118,2024-01-12,2026-04-12,0.640243902439024,processed_panel_inventory,True
btc_etf_flow_intensity_lag1,daily,821,2024-01-12,2026-04-11,0.00243605359317905,processed_panel_inventory,True
btc_etf_flow_intensity_lag1,weekly,117,2024-01-21,2026-04-12,0.643292682926829,processed_panel_inventory,True
btc_etf_gbtc,daily,821,2024-01-11,2026-04-10,0.641953772350632,processed_panel_inventory,False
btc_etf_hodl,daily,821,2024-01-11,2026-04-10,0.641953772350632,processed_panel_inventory,False
btc_etf_ibit,daily,821,2024-01-11,2026-04-10,0.641953772350632,processed_panel_inventory,False
btc_etf_msbt,daily,2,2026-04-08,2026-04-09,0.999127780200611,processed_panel_inventory,False
btc_etf_net_flow_usd,daily,821,2024-01-11,2026-04-10,0,processed_panel_inventory,False
btc_etf_net_flow_usd,weekly,118,2024-01-12,2026-04-12,0.640243902439024,processed_panel_inventory,False
btc_etf_total,daily,821,2024-01-11,2026-04-10,0.641953772350632,processed_panel_inventory,False
btc_exchange_netflow,daily,2293,2020-01-01,2026-04-11,0,processed_panel_inventory,False
btc_exchange_netflow_scaled,daily,2292,2020-01-02,2026-04-11,0,processed_panel_inventory,False
btc_exchange_netflow_scaled,weekly,329,2020-01-03,2026-04-17,0,processed_panel_inventory,False
btc_exchange_netflow_scaled_lag1,daily,2291,2020-01-03,2026-04-11,0.00043630017452007,processed_panel_inventory,False
btc_exchange_netflow_scaled_lag1,weekly,328,2020-01-10,2026-04-17,0.00303951367781155,processed_panel_inventory,False
btc_funding,daily,2293,2020-01-01,2026-04-11,0,processed_panel_inventory,False
btc_funding,weekly,328,2020-01-05,2026-04-12,0,processed_panel_inventory,False
btc_funding_z,daily,2264,2020-01-30,2026-04-11,0,processed_panel_inventory,False
btc_funding_z,weekly,325,2020-01-31,2026-04-17,0.0121580547112462,processed_panel_inventory,False
btc_funding_z_lag1,daily,2263,2020-01-31,2026-04-11,0.00121802679658952,processed_panel_inventory,True
btc_funding_z_lag1,weekly,324,2020-02-07,2026-04-17,0.0151975683890578,processed_panel_inventory,True
btc_future_30d_min_drawdown,daily,2234,2020-01-30,2026-03-12,0.0253054101221641,processed_panel_inventory,False
btc_high,daily,2293,2020-01-01,2026-04-11,0,processed_panel_inventory,False
btc_leverage_ratio_percentile,daily,2263,2020-01-31,2026-04-11,0,processed_panel_inventory,False
btc_leverage_ratio_percentile,weekly,324,2020-02-02,2026-04-12,0.0121951219512195,processed_panel_inventory,False
btc_leverage_ratio_percentile_lag1,daily,2262,2020-02-01,2026-04-11,0,processed_panel_inventory,False
btc_long_liq_to_lag_mcap_bps,daily,2292,2020-01-02,2026-04-11,0,processed_panel_inventory,False
btc_low,daily,2293,2020-01-01,2026-04-11,0,processed_panel_inventory,False
btc_market_cap_usd,daily,2293,2020-01-01,2026-04-11,0,processed_panel_inventory,False
btc_market_cap_usd,weekly,329,2020-01-03,2026-04-17,0,processed_panel_inventory,False
btc_mcap_lag1,daily,2292,2020-01-02,2026-04-11,0,processed_panel_inventory,False
btc_mcap_lag1,weekly,328,2020-01-10,2026-04-17,0.00303951367781155,processed_panel_inventory,False
btc_mcap_usd,daily,2293,2020-01-01,2026-04-11,0,processed_panel_inventory,False
btc_miner_to_exchange_flow,daily,2293,2020-01-01,2026-04-11,0,processed_panel_inventory,False
btc_mvrv,daily,2293,2020-01-01,2026-04-11,0,processed_panel_inventory,False
btc_mvrv,weekly,328,2020-01-05,2026-04-12,0,processed_panel_inventory,False
btc_mvrv_d1,daily,2292,2020-01-02,2026-04-11,0,processed_panel_inventory,False
btc_mvrv_d1,weekly,328,2020-01-05,2026-04-12,0,processed_panel_inventory,False
btc_mvrv_lag1,daily,2292,2020-01-02,2026-04-11,0,processed_panel_inventory,True
btc_mvrv_log,daily,2293,2020-01-01,2026-04-11,0,processed_panel_inventory,False
btc_mvrv_percentile_lagged,daily,2263,2020-01-31,2026-04-11,0,processed_panel_inventory,False
btc_mvrv_percentile_lagged,weekly,324,2020-02-02,2026-04-12,0.0121951219512195,processed_panel_inventory,False
btc_mvrv_quintile_lagged,daily,2263,2020-01-31,2026-04-11,0,processed_panel_inventory,False
btc_mvrv_z_365_lagged,daily,2172,2020-05-01,2026-04-11,0,processed_panel_inventory,False
btc_mvrv_z_365_lagged,weekly,311,2020-05-03,2026-04-12,0.0518292682926829,processed_panel_inventory,False
btc_nupl_lag1,daily,1927,2021-01-01,2026-04-11,0,processed_panel_inventory,False
btc_oi,daily,2293,2020-01-01,2026-04-11,0,processed_panel_inventory,False
btc_oi,weekly,329,2020-01-03,2026-04-17,0,processed_panel_inventory,False
btc_oi_growth,daily,2292,2020-01-02,2026-04-11,0,processed_panel_inventory,False
btc_oi_growth,weekly,328,2020-01-10,2026-04-17,0.00303951367781155,processed_panel_inventory,False
btc_oi_growth_lag1,daily,2291,2020-01-03,2026-04-11,0.00043630017452007,processed_panel_inventory,True
btc_oi_growth_lag1,weekly,327,2020-01-17,2026-04-17,0.0060790273556231,processed_panel_inventory,True
btc_oi_to_mcap,daily,2292,2020-01-02,2026-04-11,0,processed_panel_inventory,False
btc_oi_to_mcap,weekly,328,2020-01-10,2026-04-17,0.00303951367781155,processed_panel_inventory,False
btc_oi_to_mcap_current,daily,2293,2020-01-01,2026-04-11,0,processed_panel_inventory,False
btc_oi_to_mcap_current,weekly,329,2020-01-03,2026-04-17,0,processed_panel_inventory,False
btc_oi_to_mcap_growth,daily,2292,2020-01-02,2026-04-11,0,processed_panel_inventory,False
btc_oi_to_mcap_growth,weekly,328,2020-01-10,2026-04-17,0.00303951367781155,processed_panel_inventory,False
btc_oi_to_mcap_growth_lag1,daily,2291,2020-01-03,2026-04-11,0.00043630017452007,processed_panel_inventory,True
btc_oi_to_mcap_growth_lag1,weekly,327,2020-01-17,2026-04-17,0.0060790273556231,processed_panel_inventory,True
btc_oi_unit_assumption,daily,2293,2020-01-01,2026-04-11,0,processed_panel_inventory,False
btc_open,daily,2293,2020-01-01,2026-04-11,0,processed_panel_inventory,False
btc_realized_cap,daily,2292,2020-01-01,2026-04-10,0,processed_panel_inventory,False
btc_realized_cap_usd,daily,2292,2020-01-01,2026-04-10,0,processed_panel_inventory,False
btc_realized_cap_usd,weekly,328,2020-01-05,2026-04-12,0,processed_panel_inventory,False
btc_realized_price,daily,1927,2020-12-31,2026-04-10,0,processed_panel_inventory,False
btc_realized_price_gap_lag1,daily,1927,2021-01-01,2026-04-11,0,processed_panel_inventory,False
btc_realized_price_gap_lag1,weekly,276,2021-01-03,2026-04-12,0.158536585365854,processed_panel_inventory,False
btc_realized_vol_30d,daily,2273,2020-01-21,2026-04-11,0,processed_panel_inventory,True
btc_realized_vol_30d,weekly,328,2020-01-05,2026-04-17,0,processed_panel_inventory,True
btc_ret,daily,2292,2020-01-02,2026-04-11,0.000436109899694723,processed_panel_inventory,True
btc_ret,weekly,328,2020-01-05,2026-04-17,0,processed_panel_inventory,True
btc_ret_fwd_1d,daily,2292,2020-01-01,2026-04-10,0,processed_panel_inventory,False
btc_ret_fwd_1d,weekly,327,2020-01-05,2026-04-05,0.00304878048780488,processed_panel_inventory,False
btc_ret_fwd_7d,daily,2286,2020-01-01,2026-04-04,0.00305276929786306,processed_panel_inventory,False
btc_ret_fwd_7d,weekly,327,2020-01-05,2026-04-05,0.00304878048780488,processed_panel_inventory,False
btc_short_liq_to_lag_mcap_bps,daily,2292,2020-01-02,2026-04-11,0,processed_panel_inventory,False
btc_sopr_lag1,daily,2292,2020-01-02,2026-04-11,0,processed_panel_inventory,False
btc_supply_profit_pct_lag1,daily,1927,2021-01-01,2026-04-11,0,processed_panel_inventory,False
btc_taker_buy_ratio,daily,2293,2020-01-01,2026-04-11,0,processed_panel_inventory,False
btc_total_liq_intensity,daily,2292,2020-01-02,2026-04-11,0,processed_panel_inventory,False
btc_total_liq_to_lag_mcap_bps,daily,2292,2020-01-02,2026-04-11,0,processed_panel_inventory,True
btc_total_liq_to_lag_mcap_bps,weekly,327,2020-01-12,2026-04-12,0.00304878048780488,processed_panel_inventory,True
btc_total_liq_to_lag_oi_log1p,daily,2292,2020-01-02,2026-04-11,0,processed_panel_inventory,False
btc_total_liq_to_lag_oi_pct,daily,2292,2020-01-02,2026-04-11,0,processed_panel_inventory,True
btc_total_liq_to_lag_oi_pct,weekly,328,2020-01-10,2026-04-17,0.00303951367781155,processed_panel_inventory,True
btc_total_liq_usd,daily,2293,2020-01-01,2026-04-11,0,processed_panel_inventory,False
btc_total_liq_usd,weekly,329,2020-01-03,2026-04-17,0,processed_panel_inventory,False
btc_vol_spike,daily,2293,2020-01-01,2026-04-11,0,processed_panel_inventory,False
btc_volume,daily,2293,2020-01-01,2026-04-11,0,processed_panel_inventory,False
calendar,daily,2293,2020-01-01,2026-04-11,0,processed_panel_inventory,False
calendar,weekly,329,2020-01-03,2026-04-17,0,processed_panel_inventory,False
calendar_assumption,daily,2293,2020-01-01,2026-04-11,0,processed_panel_inventory,False
calendar_assumption,weekly,329,2020-01-03,2026-04-17,0,processed_panel_inventory,False
close_time_assumption,daily,2293,2020-01-01,2026-04-11,0,processed_panel_inventory,False
close_time_assumption,weekly,329,2020-01-03,2026-04-17,0,processed_panel_inventory,False
cme_btc_basis_close,daily,2050,2020-01-02,2026-04-11,0.105974705625818,processed_panel_inventory,False
cme_eth_basis_close,daily,1659,2021-02-04,2026-04-11,0.276493676406454,processed_panel_inventory,False
coingecko_id,monthly,15600,2020-01-01,2026-06-01,0,processed_panel_inventory,False
d_log_market_cap,daily,2292,2020-01-02,2026-04-11,0,processed_panel_inventory,True
d_log_market_cap,weekly,328,2020-01-05,2026-04-12,0,processed_panel_inventory,True
d_log_mvrv,daily,2292,2020-01-02,2026-04-11,0,processed_panel_inventory,True
d_log_mvrv,weekly,328,2020-01-05,2026-04-12,0,processed_panel_inventory,True
d_log_realized_cap,daily,2291,2020-01-02,2026-04-10,0,processed_panel_inventory,True
d_log_realized_cap,weekly,328,2020-01-05,2026-04-12,0,processed_panel_inventory,True
defi_tvl_growth,daily,2292,2020-01-02,2026-04-11,0,processed_panel_inventory,False
defi_tvl_growth,weekly,328,2020-01-10,2026-04-17,0.00303951367781155,processed_panel_inventory,False
defi_tvl_growth_lag1,daily,2291,2020-01-03,2026-04-11,0.00043630017452007,processed_panel_inventory,False
defi_tvl_growth_lag1,weekly,327,2020-01-17,2026-04-17,0.0060790273556231,processed_panel_inventory,False
defi_tvl_usd,daily,2293,2020-01-01,2026-04-11,0,processed_panel_inventory,False
defi_tvl_usd,weekly,329,2020-01-03,2026-04-17,0,processed_panel_inventory,False
dvol_btc_close,daily,1845,2021-03-24,2026-04-11,0.195377235063236,processed_panel_inventory,False
dxy_close,daily,2292,2020-01-02,2026-04-11,0,processed_panel_inventory,False
dxy_close,weekly,329,2020-01-03,2026-04-17,0,processed_panel_inventory,False
dxy_ret,daily,2291,2020-01-03,2026-04-11,0.00043630017452007,processed_panel_inventory,True
dxy_ret,weekly,328,2020-01-05,2026-04-17,0,processed_panel_inventory,True
dxy_tv_close,daily,2292,2020-01-02,2026-04-11,0.000436109899694723,processed_panel_inventory,False
eth_bottom5,daily,2293,2020-01-01,2026-04-11,0,processed_panel_inventory,False
eth_close,daily,2293,2020-01-01,2026-04-11,0,processed_panel_inventory,False
eth_close,weekly,329,2020-01-03,2026-04-17,0,processed_panel_inventory,False
eth_dominance,daily,2293,2020-01-01,2026-04-11,0,processed_panel_inventory,False
eth_dominance,weekly,328,2020-01-05,2026-04-12,0,processed_panel_inventory,False
eth_drawdown,daily,2293,2020-01-01,2026-04-11,0,processed_panel_inventory,False
eth_etf_cumulative_flow_usd,daily,2293,2020-01-01,2026-04-11,0,processed_panel_inventory,False
eth_etf_eth,daily,627,2024-07-23,2026-04-10,0.726559092891409,processed_panel_inventory,False
eth_etf_etha,daily,627,2024-07-23,2026-04-10,0.726559092891409,processed_panel_inventory,False
eth_etf_ethb,daily,31,2026-03-11,2026-04-10,0.986480593109464,processed_panel_inventory,False
eth_etf_ethe,daily,627,2024-07-23,2026-04-10,0.726559092891409,processed_panel_inventory,False
eth_etf_ethv,daily,627,2024-07-23,2026-04-10,0.726559092891409,processed_panel_inventory,False
eth_etf_ethw,daily,627,2024-07-23,2026-04-10,0.726559092891409,processed_panel_inventory,False
eth_etf_ezet,daily,627,2024-07-23,2026-04-10,0.726559092891409,processed_panel_inventory,False
eth_etf_feth,daily,627,2024-07-23,2026-04-10,0.726559092891409,processed_panel_inventory,False
eth_etf_flow_intensity,daily,627,2024-07-23,2026-04-10,0.236297198538368,processed_panel_inventory,False
eth_etf_flow_intensity,weekly,90,2024-07-26,2026-04-12,0.725609756097561,processed_panel_inventory,False
eth_etf_flow_intensity_lag0,daily,627,2024-07-23,2026-04-10,0.236297198538368,processed_panel_inventory,True
eth_etf_flow_intensity_lag0,weekly,90,2024-07-26,2026-04-12,0.725609756097561,processed_panel_inventory,True
eth_etf_flow_intensity_lag1,daily,627,2024-07-24,2026-04-11,0.237515225334957,processed_panel_inventory,True
eth_etf_flow_intensity_lag1,weekly,89,2024-08-04,2026-04-12,0.728658536585366,processed_panel_inventory,True
eth_etf_net_flow_usd,daily,627,2024-07-23,2026-04-10,0.236297198538368,processed_panel_inventory,False
eth_etf_net_flow_usd,weekly,90,2024-07-26,2026-04-12,0.725609756097561,processed_panel_inventory,False
eth_etf_qeth,daily,627,2024-07-23,2026-04-10,0.726559092891409,processed_panel_inventory,False
eth_etf_teth,daily,627,2024-07-23,2026-04-10,0.726559092891409,processed_panel_inventory,False
eth_etf_total,daily,627,2024-07-23,2026-04-10,0.726559092891409,processed_panel_inventory,False
eth_funding_z,daily,2264,2020-01-30,2026-04-11,0,processed_panel_inventory,False
eth_funding_z,weekly,325,2020-01-31,2026-04-17,0.0121580547112462,processed_panel_inventory,False
eth_funding_z_lag1,daily,2263,2020-01-31,2026-04-11,0.00121802679658952,processed_panel_inventory,False
eth_funding_z_lag1,weekly,324,2020-02-07,2026-04-17,0.0151975683890578,processed_panel_inventory,False
eth_high,daily,2293,2020-01-01,2026-04-11,0,processed_panel_inventory,False
eth_low,daily,2293,2020-01-01,2026-04-11,0,processed_panel_inventory,False
eth_market_cap_usd,daily,2293,2020-01-01,2026-04-11,0,processed_panel_inventory,False
eth_market_cap_usd,weekly,329,2020-01-03,2026-04-17,0,processed_panel_inventory,False
eth_mcap_lag1,daily,2292,2020-01-02,2026-04-11,0,processed_panel_inventory,False
eth_mcap_lag1,weekly,328,2020-01-10,2026-04-17,0.00303951367781155,processed_panel_inventory,False
eth_mcap_usd,daily,2293,2020-01-01,2026-04-11,0,processed_panel_inventory,False
eth_oi,daily,2293,2020-01-01,2026-04-11,0,processed_panel_inventory,False
eth_oi,weekly,329,2020-01-03,2026-04-17,0,processed_panel_inventory,False
eth_oi_growth,daily,2292,2020-01-02,2026-04-11,0,processed_panel_inventory,False
eth_oi_growth,weekly,328,2020-01-10,2026-04-17,0.00303951367781155,processed_panel_inventory,False
eth_oi_growth_lag1,daily,2291,2020-01-03,2026-04-11,0.00043630017452007,processed_panel_inventory,False
eth_oi_growth_lag1,weekly,327,2020-01-17,2026-04-17,0.0060790273556231,processed_panel_inventory,False
eth_oi_to_mcap,daily,2292,2020-01-02,2026-04-11,0,processed_panel_inventory,False
eth_oi_to_mcap,weekly,328,2020-01-10,2026-04-17,0.00303951367781155,processed_panel_inventory,False
eth_oi_to_mcap_current,daily,2293,2020-01-01,2026-04-11,0,processed_panel_inventory,False
eth_oi_to_mcap_current,weekly,329,2020-01-03,2026-04-17,0,processed_panel_inventory,False
eth_oi_to_mcap_growth,daily,2292,2020-01-02,2026-04-11,0,processed_panel_inventory,False
eth_oi_to_mcap_growth,weekly,328,2020-01-10,2026-04-17,0.00303951367781155,processed_panel_inventory,False
eth_oi_to_mcap_growth_lag1,daily,2291,2020-01-03,2026-04-11,0.00043630017452007,processed_panel_inventory,True
eth_oi_to_mcap_growth_lag1,weekly,327,2020-01-17,2026-04-17,0.0060790273556231,processed_panel_inventory,True
eth_oi_unit_assumption,daily,2293,2020-01-01,2026-04-11,0,processed_panel_inventory,False
eth_open,daily,2293,2020-01-01,2026-04-11,0,processed_panel_inventory,False
eth_realized_vol_30d,daily,2273,2020-01-21,2026-04-11,0,processed_panel_inventory,False
eth_realized_vol_30d,weekly,328,2020-01-05,2026-04-17,0,processed_panel_inventory,False
eth_ret,daily,2292,2020-01-02,2026-04-11,0.000436109899694723,processed_panel_inventory,True
eth_ret,weekly,328,2020-01-05,2026-04-17,0,processed_panel_inventory,True
eth_total_liq_intensity,daily,2292,2020-01-02,2026-04-11,0,processed_panel_inventory,False
eth_total_liq_to_lag_mcap_bps,daily,2292,2020-01-02,2026-04-11,0,processed_panel_inventory,False
eth_total_liq_to_lag_mcap_bps,weekly,327,2020-01-12,2026-04-12,0.00304878048780488,processed_panel_inventory,False
eth_total_liq_to_lag_oi_log1p,daily,2292,2020-01-02,2026-04-11,0,processed_panel_inventory,False
eth_total_liq_to_lag_oi_pct,daily,2292,2020-01-02,2026-04-11,0,processed_panel_inventory,False
eth_total_liq_to_lag_oi_pct,weekly,328,2020-01-10,2026-04-17,0.00303951367781155,processed_panel_inventory,False
eth_total_liq_usd,daily,2293,2020-01-01,2026-04-11,0,processed_panel_inventory,False
eth_total_liq_usd,weekly,329,2020-01-03,2026-04-17,0,processed_panel_inventory,False
eth_volume,daily,2293,2020-01-01,2026-04-11,0,processed_panel_inventory,False
fear_greed_altme,daily,2293,2020-01-01,2026-04-11,0,processed_panel_inventory,False
fear_greed_altme,weekly,329,2020-01-03,2026-04-17,0,processed_panel_inventory,False
fear_greed_altme_lag1,daily,2292,2020-01-02,2026-04-11,0.000436109899694723,processed_panel_inventory,False
fear_greed_altme_lag1,weekly,328,2020-01-10,2026-04-17,0.00303951367781155,processed_panel_inventory,False
fear_greed_change,daily,2292,2020-01-02,2026-04-11,0,processed_panel_inventory,False
fear_greed_change,weekly,328,2020-01-10,2026-04-17,0.00303951367781155,processed_panel_inventory,False
fear_greed_change_lag1,daily,2291,2020-01-03,2026-04-11,0.00043630017452007,processed_panel_inventory,False
fear_greed_change_lag1,weekly,327,2020-01-17,2026-04-17,0.0060790273556231,processed_panel_inventory,False
fng_value,daily,2293,2020-01-01,2026-04-11,0,processed_panel_inventory,False
gld_close,daily,2292,2020-01-02,2026-04-11,0.000436109899694723,processed_panel_inventory,False
gold_close,daily,2292,2020-01-02,2026-04-11,0,processed_panel_inventory,False
gold_close,weekly,329,2020-01-03,2026-04-17,0,processed_panel_inventory,False
gold_ret,daily,2291,2020-01-03,2026-04-11,0.00043630017452007,processed_panel_inventory,True
gold_ret,weekly,328,2020-01-05,2026-04-17,0,processed_panel_inventory,True
hy_oas_d1,daily,1089,2023-04-19,2026-04-11,0,processed_panel_inventory,False
hy_oas_d1,weekly,156,2023-04-23,2026-04-12,0.524390243902439,processed_panel_inventory,False
identity_residual,daily,2291,2020-01-02,2026-04-10,0,processed_panel_inventory,True
in_full_top100,monthly,15600,2020-01-01,2026-06-01,0,processed_panel_inventory,False
is_partial_month,monthly,15600,2020-01-01,2026-06-01,0,processed_panel_inventory,False
iwm_close,daily,1576,2020-01-02,2026-04-10,0.31239092495637,processed_panel_inventory,False
iwm_close,weekly,328,2020-01-03,2026-04-12,0,processed_panel_inventory,False
iwm_ret,daily,1233,2020-01-03,2026-04-10,0.462041884816754,processed_panel_inventory,True
iwm_ret,weekly,328,2020-01-05,2026-04-12,0,processed_panel_inventory,True
market_cap_usd,monthly,15600,2020-01-01,2026-06-01,0,processed_panel_inventory,False
month,monthly,15600,2020-01-01,2026-06-01,0,processed_panel_inventory,False
nominal_10y_d1,daily,2291,2020-01-03,2026-04-11,0.00043630017452007,processed_panel_inventory,True
nominal_10y_d1,weekly,328,2020-01-05,2026-04-17,0,processed_panel_inventory,True
nominal_10y_level,daily,2292,2020-01-02,2026-04-11,0,processed_panel_inventory,False
nominal_10y_level,weekly,329,2020-01-03,2026-04-17,0,processed_panel_inventory,False
oil_ret,daily,2285,2020-01-03,2026-04-11,0,processed_panel_inventory,False
oil_ret,weekly,328,2020-01-05,2026-04-12,0,processed_panel_inventory,False
policy_uncertainty_d1,daily,2292,2020-01-02,2026-04-11,0,processed_panel_inventory,False
policy_uncertainty_d1,weekly,328,2020-01-05,2026-04-12,0,processed_panel_inventory,False
price_usd,monthly,15600,2020-01-01,2026-06-01,0,processed_panel_inventory,False
qqq_close,daily,2292,2020-01-02,2026-04-11,0,processed_panel_inventory,False
qqq_close,weekly,329,2020-01-03,2026-04-17,0,processed_panel_inventory,False
qqq_ret,daily,2291,2020-01-03,2026-04-11,0.00043630017452007,processed_panel_inventory,True
qqq_ret,weekly,328,2020-01-05,2026-04-17,0,processed_panel_inventory,True
rank_full_market,monthly,15600,2020-01-01,2026-06-01,0,processed_panel_inventory,False
real_yield_d1,daily,2291,2020-01-03,2026-04-11,0.00043630017452007,processed_panel_inventory,True
real_yield_d1,weekly,328,2020-01-05,2026-04-17,0,processed_panel_inventory,True
real_yield_level,daily,2292,2020-01-02,2026-04-11,0,processed_panel_inventory,False
real_yield_level,weekly,329,2020-01-03,2026-04-17,0,processed_panel_inventory,False
snapshot_date,monthly,15600,2020-01-01,2026-06-01,0,processed_panel_inventory,False
source,monthly,15600,2020-01-01,2026-06-01,0,processed_panel_inventory,False
source_rank_full_market,monthly,15600,2020-01-01,2026-06-01,0,processed_panel_inventory,False
spy_close,daily,2292,2020-01-02,2026-04-11,0,processed_panel_inventory,False
spy_close,weekly,329,2020-01-03,2026-04-17,0,processed_panel_inventory,False
spy_ret,daily,2291,2020-01-03,2026-04-11,0.00043630017452007,processed_panel_inventory,True
spy_ret,weekly,328,2020-01-05,2026-04-17,0,processed_panel_inventory,True
stablecoin_share_crypto_proxy,daily,2293,2020-01-01,2026-04-11,0,processed_panel_inventory,False
stablecoin_share_crypto_proxy,weekly,329,2020-01-03,2026-04-17,0,processed_panel_inventory,False
stablecoin_supply_growth,daily,2292,2020-01-02,2026-04-11,0,processed_panel_inventory,True
stablecoin_supply_growth,weekly,328,2020-01-10,2026-04-17,0.00303951367781155,processed_panel_inventory,True
stablecoin_supply_growth_lag1,daily,2291,2020-01-03,2026-04-11,0.00043630017452007,processed_panel_inventory,True
stablecoin_supply_growth_lag1,weekly,327,2020-01-17,2026-04-17,0.0060790273556231,processed_panel_inventory,True
stablecoin_supply_usd,daily,2293,2020-01-01,2026-04-11,0,processed_panel_inventory,False
stablecoin_supply_usd,weekly,329,2020-01-03,2026-04-17,0,processed_panel_inventory,False
stablecoin_to_tvl,daily,2293,2020-01-01,2026-04-11,0,processed_panel_inventory,False
stablecoin_to_tvl,weekly,329,2020-01-03,2026-04-17,0,processed_panel_inventory,False
stables_total_usd,daily,2293,2020-01-01,2026-04-11,0,processed_panel_inventory,False
symbol,monthly,15600,2020-01-01,2026-06-01,0,processed_panel_inventory,False
term_spread_d1,daily,2291,2020-01-03,2026-04-11,0,processed_panel_inventory,False
term_spread_d1,weekly,328,2020-01-05,2026-04-12,0,processed_panel_inventory,False
token_id,monthly,15600,2020-01-01,2026-06-01,0,processed_panel_inventory,False
total3_ret,daily,2292,2020-01-02,2026-04-11,0,processed_panel_inventory,False
total3_ret,weekly,328,2020-01-05,2026-04-12,0,processed_panel_inventory,False
valuation_sensitive_defi_tvl_growth,daily,2292,2020-01-02,2026-04-11,0,processed_panel_inventory,True
valuation_sensitive_defi_tvl_growth,weekly,328,2020-01-10,2026-04-17,0.00303951367781155,processed_panel_inventory,True
valuation_sensitive_defi_tvl_growth_lag1,daily,2291,2020-01-03,2026-04-11,0.00043630017452007,processed_panel_inventory,True
valuation_sensitive_defi_tvl_growth_lag1,weekly,327,2020-01-17,2026-04-17,0.0060790273556231,processed_panel_inventory,True
vix_d1,daily,2291,2020-01-03,2026-04-11,0.00043630017452007,processed_panel_inventory,True
vix_d1,weekly,328,2020-01-05,2026-04-17,0,processed_panel_inventory,True
vix_level,daily,2292,2020-01-02,2026-04-11,0,processed_panel_inventory,False
vix_level,weekly,329,2020-01-03,2026-04-17,0,processed_panel_inventory,False
xlk_close,daily,2292,2020-01-02,2026-04-11,0.000436109899694723,processed_panel_inventory,False
