relpath,source_group,size_bytes,suffix,rows,columns,start_date,end_date,status
Data/_meta/curated_manifest.csv,_meta,76972,.csv,574,2,,,indexed
Data/_meta/curation_log.md,_meta,89065,.md,,,,,indexed
Data/_meta/raw_manifest.csv,_meta,75632,.csv,450,4,,,indexed
Data/AlternativeMe/fear_greed_index__daily.csv,AlternativeMe,69866,.csv,2994,3,2018-02-01,2026-04-17,indexed
Data/AlternativeMe/README.md,AlternativeMe,1255,.md,,,,,indexed
Data/Artemis/Adjusted Stablecoin Transactions by Region (Ethereum and Solana).csv,Artemis,4516,.csv,75,8,2020-01-31,2026-03-31,indexed
Data/Artemis/Artemis - Digital Asset Treasuries Overview.csv,Artemis,3375,.csv,20,11,,,indexed
Data/Artemis/Bitcoin ETFs AUM.csv,Artemis,146849,.csv,825,12,2024-01-11,2026-04-14,indexed
Data/Artemis/BTC DATs - Bitcoin Count.csv,Artemis,47506,.csv,1483,8,2020-08-10,2026-04-15,indexed
Data/Artemis/BTC DATs- Fully Diluted EV NAV.csv,Artemis,74832,.csv,1483,7,2020-08-10,2026-04-15,indexed
Data/Artemis/Centralized Exchanges - Open Interest.csv,Artemis,159791,.csv,1374,8,2022-07-11,2026-04-14,indexed
Data/Artemis/Centralized Exchanges - Perpetuals Volume.csv,Artemis,179787,.csv,1565,8,2022-01-01,2026-04-14,indexed
Data/Artemis/Centralized Exchanges - Spot Volume.csv,Artemis,230838,.csv,1565,9,2022-01-01,2026-04-14,indexed
Data/Artemis/Chains - Chain MAU.csv,Artemis,202704,.csv,3904,9,2015-08-07,2026-04-14,indexed
Data/Artemis/Chains - Daily Active Addresses (New Wallets).csv,Artemis,153484,.csv,3904,7,2015-08-07,2026-04-14,indexed
Data/Artemis/Chains - Daily Active Addresses (Returning Wallets).csv,Artemis,160116,.csv,3904,7,2015-08-07,2026-04-14,indexed
Data/Artemis/Chains - Fees.csv,Artemis,428479,.csv,3904,13,2015-08-07,2026-04-14,indexed
Data/Artemis/Chains - Market Cap.csv,Artemis,429686,.csv,3903,13,2015-08-07,2026-04-15,indexed
Data/Artemis/Chains - P2P Stablecoin Transaction Volume.csv,Artemis,250613,.csv,3060,9,2017-11-28,2026-04-14,indexed
Data/Artemis/Chains - Revenue.csv,Artemis,391836,.csv,3912,13,2015-07-30,2026-04-14,indexed
Data/Artemis/Chains - Stablecoin Supply.csv,Artemis,236549,.csv,3060,9,2017-11-28,2026-04-14,indexed
Data/Artemis/Chains - Stablecoin Transaction Volume.csv,Artemis,260034,.csv,3060,9,2017-11-28,2026-04-14,indexed
Data/Artemis/Crypto ETF AUM to Crypto Market Cap.csv,Artemis,44978,.csv,825,5,2024-01-11,2026-04-14,indexed
Data/Artemis/Crypto ETF Flows.csv,Artemis,4519,.csv,118,5,2024-01-14,2026-04-12,indexed
Data/Artemis/Crypto ETFs AUM.csv,Artemis,43213,.csv,825,5,2024-01-11,2026-04-14,indexed
Data/Artemis/DEX - Spot DEX Daily Active Users.csv,Artemis,355554,.csv,5948,21,2010-01-01,2026-04-14,indexed
Data/Artemis/DEX - Spot Fees.csv,Artemis,637062,.csv,5948,21,2010-01-01,2026-04-14,indexed
Data/Artemis/DEX - Spot Volume.csv,Artemis,703150,.csv,5948,24,2010-01-01,2026-04-14,indexed
Data/Artemis/DEX - TVL.csv,Artemis,596010,.csv,5948,19,2010-01-01,2026-04-14,indexed
Data/Artemis/Ethereum ETFs AUM.csv,Artemis,112638,.csv,631,11,2024-07-23,2026-04-14,indexed
Data/Artemis/Lending Borrows by Chain.csv,Artemis,21451,.csv,335,9,2019-11-17,2026-04-12,indexed
Data/Artemis/Lending Borrows by Protocol.csv,Artemis,84879,.csv,434,20,2017-12-24,2026-04-12,indexed
Data/Artemis/Lending Deposits by Chain.csv,Artemis,22098,.csv,335,9,2019-11-17,2026-04-12,indexed
Data/Artemis/Lending Deposits by Protocol.csv,Artemis,86028,.csv,434,20,2017-12-24,2026-04-12,indexed
Data/Artemis/Lending Interest Fees by Protocol.csv,Artemis,9097,.csv,70,11,2020-06-30,2026-03-31,indexed
Data/Artemis/Lending Protocol Revenue.csv,Artemis,22854,.csv,304,8,2020-06-21,2026-04-12,indexed
Data/Artemis/Liquid Restaking - LRT TVL (USD).csv,Artemis,131253,.csv,1293,8,2022-09-30,2026-04-14,indexed
Data/Artemis/Liquid Staking - LST TVL (USD).csv,Artemis,270820,.csv,1943,12,2020-12-19,2026-04-14,indexed
Data/Artemis/Monthly Bitcoin ETF flows.csv,Artemis,3302,.csv,27,12,2024-01-31,2026-03-31,indexed
Data/Artemis/Monthly Ethereum ETF flows.csv,Artemis,2137,.csv,21,11,2024-07-31,2026-03-31,indexed
Data/Artemis/Monthly Solana ETF flows.csv,Artemis,445,.csv,6,7,2025-10-31,2026-03-31,indexed
Data/Artemis/Perpetuals Daily Active Users for Trading Platforms.csv,Artemis,35614,.csv,262,12,2021-04-11,2026-04-12,indexed
Data/Artemis/Perpetuals Open Interest for Trading Platforms.csv,Artemis,14142,.csv,148,12,2023-06-18,2026-04-12,indexed
Data/Artemis/Perpetuals Volume for Protocols.csv,Artemis,67634,.csv,262,27,2021-04-11,2026-04-12,indexed
Data/Artemis/Perpetuals Volume for Trading Platforms.csv,Artemis,56966,.csv,262,20,2021-04-11,2026-04-12,indexed
Data/Artemis/README.md,Artemis,10657,.md,,,,,indexed
Data/Artemis/RWA - Tokenized Market Cap.csv,Artemis,118085,.csv,1200,8,2023-01-01,2026-04-14,indexed
Data/Artemis/Solana ETFs AUM.csv,Artemis,16658,.csv,166,7,2025-10-31,2026-04-14,indexed
Data/Artemis/Stablecoin Active Addresses by Chain.csv,Artemis,6924,.csv,101,12,2017-11-30,2026-03-31,indexed
Data/Artemis/Stablecoin Active Addresses by Token.csv,Artemis,6353,.csv,101,12,2017-11-30,2026-03-31,indexed
Data/Artemis/Stablecoin Market Share by Token.csv,Artemis,12109,.csv,101,12,2017-11-30,2026-03-31,indexed
Data/Artemis/Stablecoin Supply by Chain.csv,Artemis,13156,.csv,102,12,2017-11-30,2026-04-30,indexed
Data/Artemis/Stablecoin Supply by Currency.csv,Artemis,15324,.csv,101,17,2017-11-30,2026-03-31,indexed
Data/Artemis/Stablecoin Supply by Token.csv,Artemis,12339,.csv,102,12,2017-11-30,2026-04-30,indexed
Data/CryptoQuant/BTC/Addresses/Bitcoin Active Addresses - Day.csv,CryptoQuant,116837,.csv,6307,2,2009-01-03,2026-04-10,indexed
Data/CryptoQuant/BTC/Addresses/Bitcoin Active Receiving Addresses - Day.csv,CryptoQuant,116222,.csv,6307,2,2009-01-03,2026-04-10,indexed
Data/CryptoQuant/BTC/Addresses/Bitcoin Active Sending Addresses - Day.csv,CryptoQuant,115335,.csv,6307,2,2009-01-03,2026-04-10,indexed
Data/CryptoQuant/BTC/Addresses/README.md,CryptoQuant,2098,.md,,,,,indexed
Data/CryptoQuant/BTC/BTC_Metrics.txt,CryptoQuant,18510,.txt,,,,,indexed
Data/CryptoQuant/BTC/Derivatives/Bitcoin Estimated Leverage Ratio - All Exchanges - Day.csv,CryptoQuant,58803,.csv,2569,2,2019-03-30,2026-04-10,indexed
Data/CryptoQuant/BTC/Derivatives/Bitcoin Funding Rates - All Exchanges - Day.csv,CryptoQuant,105246,.csv,3619,2,2016-05-15,2026-04-11,indexed
"Data/CryptoQuant/BTC/Derivatives/Bitcoin Futures Taker CVD(Cumulative Volume Delta, 90-day) - Day.csv",CryptoQuant,63765,.csv,2646,4,2019-01-13,2026-04-11,indexed
"Data/CryptoQuant/BTC/Derivatives/Bitcoin Long Liquidations - All Exchanges, All Symbol - Day.csv",CryptoQuant,67228,.csv,2670,2,2018-12-20,2026-04-11,indexed
"Data/CryptoQuant/BTC/Derivatives/Bitcoin Long Liquidations USD - All Exchanges, All Symbol - Day.csv",CryptoQuant,74914,.csv,2670,2,2018-12-20,2026-04-11,indexed
"Data/CryptoQuant/BTC/Derivatives/Bitcoin Open Interest - All Exchanges, All Symbol - Day.csv",CryptoQuant,75895,.csv,2570,2,2019-03-30,2026-04-11,indexed
"Data/CryptoQuant/BTC/Derivatives/Bitcoin Short Liquidations - All Exchanges, All Symbol - Day.csv",CryptoQuant,66917,.csv,2670,2,2018-12-20,2026-04-11,indexed
"Data/CryptoQuant/BTC/Derivatives/Bitcoin Short Liquidations USD - All Exchanges, All Symbol - Day.csv",CryptoQuant,74492,.csv,2670,2,2018-12-20,2026-04-11,indexed
Data/CryptoQuant/BTC/Derivatives/README.md,CryptoQuant,3797,.md,,,,,indexed
Data/CryptoQuant/BTC/Exchange Flows/Bitcoin Exchange Depositing Addresses - All Exchanges - Day.csv,CryptoQuant,107726,.csv,6310,2,2009-01-01,2026-04-11,indexed
Data/CryptoQuant/BTC/Exchange Flows/Bitcoin Exchange Depositing Transactions - All Exchanges - Day.csv,CryptoQuant,106809,.csv,6310,2,2009-01-01,2026-04-11,indexed
Data/CryptoQuant/BTC/Exchange Flows/Bitcoin Exchange In-House Flow (Mean) - All Exchanges - Day.csv,CryptoQuant,138713,.csv,6310,2,2009-01-01,2026-04-11,indexed
Data/CryptoQuant/BTC/Exchange Flows/Bitcoin Exchange In-House Flow (Total) - All Exchanges - Day.csv,CryptoQuant,154984,.csv,6310,2,2009-01-01,2026-04-11,indexed
Data/CryptoQuant/BTC/Exchange Flows/Bitcoin Exchange In-House Transactions - All Exchanges - Day.csv,CryptoQuant,102397,.csv,6310,2,2009-01-01,2026-04-11,indexed
Data/CryptoQuant/BTC/Exchange Flows/Bitcoin Exchange Inflow (Mean) - All Exchanges - Day.csv,CryptoQuant,135970,.csv,6310,2,2009-01-01,2026-04-11,indexed
Data/CryptoQuant/BTC/Exchange Flows/Bitcoin Exchange Inflow (Top10) - All Exchanges - Day.csv,CryptoQuant,154175,.csv,6310,2,2009-01-01,2026-04-11,indexed
Data/CryptoQuant/BTC/Exchange Flows/Bitcoin Exchange Inflow (Total) - All Exchanges - Day.csv,CryptoQuant,154262,.csv,6310,2,2009-01-01,2026-04-11,indexed
Data/CryptoQuant/BTC/Exchange Flows/Bitcoin Exchange Inflow - Spent Output Age Bands - All Exchanges - Day.csv,CryptoQuant,776525,.csv,5122,14,2012-04-02,2026-04-10,indexed
Data/CryptoQuant/BTC/Exchange Flows/Bitcoin Exchange Inflow - Spent Output Value Bands - All Exchanges - Day.csv,CryptoQuant,556551,.csv,5122,9,2012-04-02,2026-04-10,indexed
Data/CryptoQuant/BTC/Exchange Flows/Bitcoin Exchange Netflow (Total) - All Exchanges - Day.csv,CryptoQuant,151230,.csv,6310,2,2009-01-01,2026-04-11,indexed
Data/CryptoQuant/BTC/Exchange Flows/Bitcoin Exchange Outflow (Mean) - All Exchanges - Day.csv,CryptoQuant,135705,.csv,6310,2,2009-01-01,2026-04-11,indexed
Data/CryptoQuant/BTC/Exchange Flows/Bitcoin Exchange Outflow (Top10) - All Exchanges - Day.csv,CryptoQuant,153323,.csv,6310,2,2009-01-01,2026-04-11,indexed
Data/CryptoQuant/BTC/Exchange Flows/Bitcoin Exchange Outflow (Total) - All Exchanges - Day.csv,CryptoQuant,153389,.csv,6310,2,2009-01-01,2026-04-11,indexed
Data/CryptoQuant/BTC/Exchange Flows/Bitcoin Exchange Reserve - All Exchanges - Day.csv,CryptoQuant,237614,.csv,5123,3,2012-04-02,2026-04-11,indexed
Data/CryptoQuant/BTC/Exchange Flows/Bitcoin Exchange Reserve USD - All Exchanges - Day.csv,CryptoQuant,150724,.csv,5123,2,2012-04-02,2026-04-11,indexed
Data/CryptoQuant/BTC/Exchange Flows/Bitcoin Exchange Withdrawing Addresses - All Exchanges - Day.csv,CryptoQuant,107044,.csv,6310,2,2009-01-01,2026-04-11,indexed
Data/CryptoQuant/BTC/Exchange Flows/Bitcoin Exchange Withdrawing Transactions - All Exchanges - Day.csv,CryptoQuant,103542,.csv,6310,2,2009-01-01,2026-04-11,indexed
Data/CryptoQuant/BTC/Exchange Flows/README.md,CryptoQuant,6580,.md,,,,,indexed
Data/CryptoQuant/BTC/Fees And Revenue/Bitcoin Block Rewards - Day.csv,CryptoQuant,156891,.csv,6307,2,2009-01-03,2026-04-10,indexed
Data/CryptoQuant/BTC/Fees And Revenue/Bitcoin Block Rewards USD - Day.csv,CryptoQuant,175989,.csv,6307,2,2009-01-03,2026-04-10,indexed
Data/CryptoQuant/BTC/Fees And Revenue/Bitcoin Fees (Total) - Day.csv,CryptoQuant,144744,.csv,6307,2,2009-01-03,2026-04-10,indexed
Data/CryptoQuant/BTC/Fees And Revenue/Bitcoin Fees per Block (Mean) - Day.csv,CryptoQuant,140015,.csv,6307,2,2009-01-03,2026-04-10,indexed
Data/CryptoQuant/BTC/Fees And Revenue/Bitcoin Fees per Block USD (Mean) - Day.csv,CryptoQuant,152204,.csv,6307,2,2009-01-03,2026-04-10,indexed
Data/CryptoQuant/BTC/Fees And Revenue/Bitcoin Fees per Transaction (Mean) - Day.csv,CryptoQuant,137008,.csv,6307,2,2009-01-03,2026-04-10,indexed
Data/CryptoQuant/BTC/Fees And Revenue/Bitcoin Fees per Transaction (Median) - Day.csv,CryptoQuant,125423,.csv,6307,2,2009-01-03,2026-04-10,indexed
Data/CryptoQuant/BTC/Fees And Revenue/Bitcoin Fees per Transaction USD (Mean) - Day.csv,CryptoQuant,139377,.csv,6307,2,2009-01-03,2026-04-10,indexed
Data/CryptoQuant/BTC/Fees And Revenue/Bitcoin Fees per Transaction USD (Median) - Day.csv,CryptoQuant,133299,.csv,6307,2,2009-01-03,2026-04-10,indexed
Data/CryptoQuant/BTC/Fees And Revenue/Bitcoin Fees to Reward Ratio - Day.csv,CryptoQuant,139866,.csv,6307,2,2009-01-03,2026-04-10,indexed
Data/CryptoQuant/BTC/Fees And Revenue/Bitcoin Fees USD (Total) - Day.csv,CryptoQuant,163350,.csv,6307,2,2009-01-03,2026-04-10,indexed
Data/CryptoQuant/BTC/Fees And Revenue/README.md,CryptoQuant,4052,.md,,,,,indexed
Data/CryptoQuant/BTC/Flow Indicator/Bitcoin Exchange Inflow CDD - All Exchanges - Day.csv,CryptoQuant,140074,.csv,5122,2,2012-04-02,2026-04-10,indexed
Data/CryptoQuant/BTC/Flow Indicator/Bitcoin Exchange Stablecoins Ratio - All Exchanges - Day.csv,CryptoQuant,21917,.csv,1000,2,2023-07-16,2026-04-10,indexed
Data/CryptoQuant/BTC/Flow Indicator/Bitcoin Exchange Stablecoins Ratio USD - All Exchanges - Day.csv,CryptoQuant,22913,.csv,1000,2,2023-07-16,2026-04-10,indexed
Data/CryptoQuant/BTC/Flow Indicator/Bitcoin Exchange Supply Ratio - All Exchanges - Day.csv,CryptoQuant,136027,.csv,6307,2,2009-01-03,2026-04-10,indexed
Data/CryptoQuant/BTC/Flow Indicator/Bitcoin Exchange Whale Ratio - All Exchanges - Day.csv,CryptoQuant,116595,.csv,5122,2,2012-04-02,2026-04-10,indexed
Data/CryptoQuant/BTC/Flow Indicator/Bitcoin Fund Flow Ratio - All Exchanges - Day.csv,CryptoQuant,134559,.csv,6307,2,2009-01-03,2026-04-10,indexed
Data/CryptoQuant/BTC/Flow Indicator/Bitcoin Stablecoin Supply Ratio (SSR) - Day.csv,CryptoQuant,45369,.csv,1927,2,2020-12-31,2026-04-10,indexed
Data/CryptoQuant/BTC/Flow Indicator/README.md,CryptoQuant,3445,.md,,,,,indexed
Data/CryptoQuant/BTC/Fund Data/Bitcoin Coinbase Premium Gap - Day.csv,CryptoQuant,56766,.csv,3159,2,2017-08-17,2026-04-10,indexed
Data/CryptoQuant/BTC/Fund Data/Bitcoin Coinbase Premium Index - Day.csv,CryptoQuant,73524,.csv,3159,2,2017-08-17,2026-04-10,indexed
Data/CryptoQuant/BTC/Fund Data/Bitcoin Fund Holdings - All Symbol - Day.csv,CryptoQuant,63964,.csv,2131,2,2020-06-09,2026-04-09,indexed
Data/CryptoQuant/BTC/Fund Data/Bitcoin Fund Market Premium - All Symbol - Day.csv,CryptoQuant,47037,.csv,1506,2,2020-06-09,2026-04-09,indexed
Data/CryptoQuant/BTC/Fund Data/Bitcoin Fund Price (USD) - GBTC - Day.csv,CryptoQuant,54817,.csv,2746,2,2015-05-04,2026-04-02,indexed
Data/CryptoQuant/BTC/Fund Data/Bitcoin Fund Volume - All Symbol - Day.csv,CryptoQuant,54882,.csv,2792,2,2015-05-04,2026-04-09,indexed
Data/CryptoQuant/BTC/Fund Data/Bitcoin Korea Premium Index - Day.csv,CryptoQuant,35797,.csv,2095,2,2020-07-16,2026-04-10,indexed
Data/CryptoQuant/BTC/Fund Data/README.md,CryptoQuant,3188,.md,,,,,indexed
"Data/CryptoQuant/BTC/Inter Entity Flows/Bitcoin Exchange to Exchange Flow (Mean) - All Exchanges, Spot Exchanges - Day.csv",CryptoQuant,131872,.csv,6310,2,2009-01-01,2026-04-11,indexed
"Data/CryptoQuant/BTC/Inter Entity Flows/Bitcoin Exchange to Exchange Flow (Total) - All Exchanges, Spot Exchanges - Day.csv",CryptoQuant,144247,.csv,6310,2,2009-01-01,2026-04-11,indexed
"Data/CryptoQuant/BTC/Inter Entity Flows/Bitcoin Exchange to Exchange Transactions - All Exchanges, Spot Exchanges - Day.csv",CryptoQuant,99498,.csv,6310,2,2009-01-01,2026-04-11,indexed
"Data/CryptoQuant/BTC/Inter Entity Flows/Bitcoin Miner to Miner Flow (Mean) - All Miners, 1THash - Day.csv",CryptoQuant,32651,.csv,1903,2,2021-01-24,2026-04-10,indexed
"Data/CryptoQuant/BTC/Inter Entity Flows/Bitcoin Miner to Miner Flow (Total) - All Miners, 1THash - Day.csv",CryptoQuant,32654,.csv,1903,2,2021-01-24,2026-04-10,indexed
"Data/CryptoQuant/BTC/Inter Entity Flows/Bitcoin Miner to Miner Transactions - All Miners, 1THash - Day.csv",CryptoQuant,26677,.csv,1903,2,2021-01-24,2026-04-10,indexed
Data/CryptoQuant/BTC/Inter Entity Flows/README.md,CryptoQuant,3633,.md,,,,,indexed
Data/CryptoQuant/BTC/Market Data/Bitcoin Average Cap - Day.csv,CryptoQuant,184768,.csv,6307,2,2009-01-03,2026-04-10,indexed
Data/CryptoQuant/BTC/Market Data/Bitcoin Delta Cap - Day.csv,CryptoQuant,183774,.csv,6307,2,2009-01-03,2026-04-10,indexed
Data/CryptoQuant/BTC/Market Data/Bitcoin Exchange Supply - Day.csv,CryptoQuant,647809,.csv,6307,7,2009-01-03,2026-04-10,indexed
Data/CryptoQuant/BTC/Market Data/Bitcoin Geographical Supply Distribution by Entities - Day.csv,CryptoQuant,384413,.csv,7305,4,2006-04-11,2026-04-10,indexed
Data/CryptoQuant/BTC/Market Data/Bitcoin Market Cap - Day.csv,CryptoQuant,182875,.csv,6307,2,2009-01-03,2026-04-10,indexed
"Data/CryptoQuant/BTC/Market Data/Bitcoin Price & Volume - Spot, All Exchanges, BTC-USD - Day.csv",CryptoQuant,453258,.csv,6308,6,2009-01-03,2026-04-11,indexed
Data/CryptoQuant/BTC/Market Data/Bitcoin Price & Volume KRW - Spot - Day.csv,CryptoQuant,398861,.csv,4594,6,2013-09-03,2026-04-10,indexed
Data/CryptoQuant/BTC/Market Data/Bitcoin Realized Cap - Day.csv,CryptoQuant,183951,.csv,6307,2,2009-01-03,2026-04-10,indexed
Data/CryptoQuant/BTC/Market Data/Bitcoin Realized Cap - UTXO Age Bands (%) - Day.csv,CryptoQuant,303310,.csv,1927,14,2020-12-31,2026-04-10,indexed
Data/CryptoQuant/BTC/Market Data/Bitcoin Realized Cap - UTXO Age Bands USD - Day.csv,CryptoQuant,1296047,.csv,6307,14,2009-01-03,2026-04-10,indexed
Data/CryptoQuant/BTC/Market Data/Bitcoin Realized Cap - UTXO Value Bands (%) - Day.csv,CryptoQuant,195233,.csv,1927,9,2020-12-31,2026-04-10,indexed
Data/CryptoQuant/BTC/Market Data/Bitcoin Realized Cap - UTXO Value Bands USD - Day.csv,CryptoQuant,870733,.csv,6307,9,2009-01-03,2026-04-10,indexed
Data/CryptoQuant/BTC/Market Data/Bitcoin Taker Buy Ratio - All Exchanges - Day.csv,CryptoQuant,88214,.csv,3851,2,2015-09-26,2026-04-11,indexed
Data/CryptoQuant/BTC/Market Data/Bitcoin Taker Buy Sell Ratio - All Exchanges - Day.csv,CryptoQuant,88176,.csv,3851,2,2015-09-26,2026-04-11,indexed
Data/CryptoQuant/BTC/Market Data/Bitcoin Taker Buy Volume - All Exchanges - Day.csv,CryptoQuant,103223,.csv,3851,2,2015-09-26,2026-04-11,indexed
Data/CryptoQuant/BTC/Market Data/Bitcoin Taker Sell Ratio - All Exchanges - Day.csv,CryptoQuant,88215,.csv,3851,2,2015-09-26,2026-04-11,indexed
Data/CryptoQuant/BTC/Market Data/Bitcoin Taker Sell Volume - All Exchanges - Day.csv,CryptoQuant,103288,.csv,3851,2,2015-09-26,2026-04-11,indexed
Data/CryptoQuant/BTC/Market Data/Bitcoin Thermo Cap - Day.csv,CryptoQuant,184332,.csv,6307,2,2009-01-03,2026-04-10,indexed
Data/CryptoQuant/BTC/Market Data/Bitcoin Trading Volume (KYC VS. Non-KYC) - Day.csv,CryptoQuant,212713,.csv,4555,3,2013-10-21,2026-04-10,indexed
Data/CryptoQuant/BTC/Market Data/Bitcoin Trading Volume (Spot VS. Derivative) - Day.csv,CryptoQuant,207719,.csv,4555,3,2013-10-21,2026-04-10,indexed
Data/CryptoQuant/BTC/Market Data/README.md,CryptoQuant,6884,.md,,,,,indexed
Data/CryptoQuant/BTC/Market Indicator/Bitcoin Adjusted SOPR (aSOPR) - Day.csv,CryptoQuant,140004,.csv,6307,2,2009-01-03,2026-04-10,indexed
Data/CryptoQuant/BTC/Market Indicator/Bitcoin Average Dormancy - Day.csv,CryptoQuant,44970,.csv,1927,2,2020-12-31,2026-04-10,indexed
Data/CryptoQuant/BTC/Market Indicator/Bitcoin Average Supply-Adjusted CDD - Day.csv,CryptoQuant,44153,.csv,1927,2,2020-12-31,2026-04-10,indexed
Data/CryptoQuant/BTC/Market Indicator/Bitcoin Binary CDD - Day.csv,CryptoQuant,88315,.csv,6307,2,2009-01-03,2026-04-10,indexed
Data/CryptoQuant/BTC/Market Indicator/Bitcoin Long Term Holder SOPR - Day.csv,CryptoQuant,139008,.csv,6307,2,2009-01-03,2026-04-10,indexed
Data/CryptoQuant/BTC/Market Indicator/Bitcoin Mean Coin Age - Day.csv,CryptoQuant,49913,.csv,1927,2,2020-12-31,2026-04-10,indexed
Data/CryptoQuant/BTC/Market Indicator/Bitcoin Mean Coin Dollar Age - Day.csv,CryptoQuant,56855,.csv,1927,2,2020-12-31,2026-04-10,indexed
Data/CryptoQuant/BTC/Market Indicator/Bitcoin MVRV Ratio - Day.csv,CryptoQuant,141743,.csv,6307,2,2009-01-03,2026-04-10,indexed
Data/CryptoQuant/BTC/Market Indicator/Bitcoin Net Unrealized Loss (NUL) - Day.csv,CryptoQuant,44041,.csv,1927,2,2020-12-31,2026-04-10,indexed
Data/CryptoQuant/BTC/Market Indicator/Bitcoin Net Unrealized Profit (NUP) - Day.csv,CryptoQuant,44164,.csv,1927,2,2020-12-31,2026-04-10,indexed
Data/CryptoQuant/BTC/Market Indicator/Bitcoin Net Unrealized Profit_Loss (NUPL) - Day.csv,CryptoQuant,44320,.csv,1927,2,2020-12-31,2026-04-10,indexed
Data/CryptoQuant/BTC/Market Indicator/Bitcoin NVM Ratio - Day.csv,CryptoQuant,44112,.csv,1927,2,2020-12-31,2026-04-10,indexed
Data/CryptoQuant/BTC/Market Indicator/Bitcoin NVT Golden Cross - Day.csv,CryptoQuant,60115,.csv,1927,2,2020-12-31,2026-04-10,indexed
Data/CryptoQuant/BTC/Market Indicator/Bitcoin NVT Ratio - Day.csv,CryptoQuant,45528,.csv,1927,2,2020-12-31,2026-04-10,indexed
Data/CryptoQuant/BTC/Market Indicator/Bitcoin Puell Multiple - Day.csv,CryptoQuant,59227,.csv,1927,2,2020-12-31,2026-04-10,indexed
Data/CryptoQuant/BTC/Market Indicator/Bitcoin Realized Price - Day.csv,CryptoQuant,51848,.csv,1927,2,2020-12-31,2026-04-10,indexed
Data/CryptoQuant/BTC/Market Indicator/Bitcoin Realized Price - UTXO Age Bands - Day.csv,CryptoQuant,1018169,.csv,6307,14,2009-01-03,2026-04-10,indexed
Data/CryptoQuant/BTC/Market Indicator/Bitcoin Short Term Holder SOPR - Day.csv,CryptoQuant,139929,.csv,6307,2,2009-01-03,2026-04-10,indexed
Data/CryptoQuant/BTC/Market Indicator/Bitcoin SOPR Ratio (LTH-SOPR_STH-SOPR) - Day.csv,CryptoQuant,181543,.csv,6307,2,2009-01-03,2026-04-10,indexed
Data/CryptoQuant/BTC/Market Indicator/Bitcoin Spent Output Age Bands (%) - Day.csv,CryptoQuant,840266,.csv,6307,14,2009-01-03,2026-04-10,indexed
Data/CryptoQuant/BTC/Market Indicator/Bitcoin Spent Output Age Bands - Day.csv,CryptoQuant,363279,.csv,1927,14,2020-12-31,2026-04-10,indexed
Data/CryptoQuant/BTC/Market Indicator/Bitcoin Spent Output Age Bands USD - Day.csv,CryptoQuant,1118100,.csv,6307,14,2009-01-03,2026-04-10,indexed
Data/CryptoQuant/BTC/Market Indicator/Bitcoin Spent Output Profit Ratio (SOPR) - Day.csv,CryptoQuant,140033,.csv,6307,2,2009-01-03,2026-04-10,indexed
Data/CryptoQuant/BTC/Market Indicator/Bitcoin Spent Output Value Bands (%) - Day.csv,CryptoQuant,196780,.csv,1927,9,2020-12-31,2026-04-10,indexed
Data/CryptoQuant/BTC/Market Indicator/Bitcoin Spent Output Value Bands - Day.csv,CryptoQuant,254499,.csv,1927,9,2020-12-31,2026-04-10,indexed
Data/CryptoQuant/BTC/Market Indicator/Bitcoin Spent Output Value Bands USD - Day.csv,CryptoQuant,292162,.csv,1927,9,2020-12-31,2026-04-10,indexed
"Data/CryptoQuant/BTC/Market Indicator/Bitcoin Spot Taker CVD(Cumulative Volume Delta, 90-day) - Day.csv",CryptoQuant,87799,.csv,3388,4,2017-01-01,2026-04-11,indexed
Data/CryptoQuant/BTC/Market Indicator/Bitcoin Stock-to-Flow Ratio - Day.csv,CryptoQuant,51845,.csv,1927,2,2020-12-31,2026-04-10,indexed
Data/CryptoQuant/BTC/Market Indicator/Bitcoin Stock-to-Flow Reversion - Day.csv,CryptoQuant,44126,.csv,1927,2,2020-12-31,2026-04-10,indexed
Data/CryptoQuant/BTC/Market Indicator/Bitcoin Sum Coin Age - Day.csv,CryptoQuant,58473,.csv,1927,2,2020-12-31,2026-04-10,indexed
Data/CryptoQuant/BTC/Market Indicator/Bitcoin Sum Coin Age Distribution (%) - Day.csv,CryptoQuant,913030,.csv,6307,14,2009-01-03,2026-04-10,indexed
Data/CryptoQuant/BTC/Market Indicator/Bitcoin Sum Coin Age Distribution - Day.csv,CryptoQuant,469999,.csv,1927,14,2020-12-31,2026-04-10,indexed
Data/CryptoQuant/BTC/Market Indicator/Bitcoin Sum Coin Dollar Age - Day.csv,CryptoQuant,58524,.csv,1927,2,2020-12-31,2026-04-10,indexed
Data/CryptoQuant/BTC/Market Indicator/Bitcoin Supply Adjusted Dormancy - Day.csv,CryptoQuant,38084,.csv,1927,2,2020-12-31,2026-04-10,indexed
Data/CryptoQuant/BTC/Market Indicator/Bitcoin Supply in Loss (%) - Day.csv,CryptoQuant,45569,.csv,1927,2,2020-12-31,2026-04-10,indexed
Data/CryptoQuant/BTC/Market Indicator/Bitcoin Supply in Loss - Day.csv,CryptoQuant,55391,.csv,1927,2,2020-12-31,2026-04-10,indexed
Data/CryptoQuant/BTC/Market Indicator/Bitcoin Supply in Profit (%) - Day.csv,CryptoQuant,46097,.csv,1927,2,2020-12-31,2026-04-10,indexed
Data/CryptoQuant/BTC/Market Indicator/Bitcoin Supply in Profit - Day.csv,CryptoQuant,57550,.csv,1927,2,2020-12-31,2026-04-10,indexed
Data/CryptoQuant/BTC/Market Indicator/Bitcoin Supply-Adjusted CDD - Day.csv,CryptoQuant,44132,.csv,1927,2,2020-12-31,2026-04-10,indexed
Data/CryptoQuant/BTC/Market Indicator/README.md,CryptoQuant,8550,.md,,,,,indexed
"Data/CryptoQuant/BTC/Miner Flows/Bitcoin Exchange to Miner Flow (Mean) - All Exchanges, All Miners - Day.csv",CryptoQuant,112776,.csv,5023,2,2012-07-11,2026-04-11,indexed
"Data/CryptoQuant/BTC/Miner Flows/Bitcoin Exchange to Miner Flow (Total) - All Exchanges, All Miners - Day.csv",CryptoQuant,122596,.csv,5023,2,2012-07-11,2026-04-11,indexed
"Data/CryptoQuant/BTC/Miner Flows/Bitcoin Exchange to Miner Transactions - All Exchanges, All Miners - Day.csv",CryptoQuant,80121,.csv,5023,2,2012-07-11,2026-04-11,indexed
Data/CryptoQuant/BTC/Miner Flows/Bitcoin Miner Depositing Addresses - All Miners - Day.csv,CryptoQuant,108132,.csv,6302,2,2009-01-09,2026-04-11,indexed
Data/CryptoQuant/BTC/Miner Flows/Bitcoin Miner Depositing Transactions - All Miners - Day.csv,CryptoQuant,107757,.csv,6302,2,2009-01-09,2026-04-11,indexed
Data/CryptoQuant/BTC/Miner Flows/Bitcoin Miner In-House Flow (Mean) - All Miners - Day.csv,CryptoQuant,143593,.csv,6299,2,2009-01-12,2026-04-11,indexed
Data/CryptoQuant/BTC/Miner Flows/Bitcoin Miner In-House Flow (Total) - All Miners - Day.csv,CryptoQuant,158458,.csv,6299,2,2009-01-12,2026-04-11,indexed
Data/CryptoQuant/BTC/Miner Flows/Bitcoin Miner In-House Transactions - All Miners - Day.csv,CryptoQuant,103095,.csv,6299,2,2009-01-12,2026-04-11,indexed
Data/CryptoQuant/BTC/Miner Flows/Bitcoin Miner Inflow (Mean) - All Miners - Day.csv,CryptoQuant,142920,.csv,6302,2,2009-01-09,2026-04-11,indexed
Data/CryptoQuant/BTC/Miner Flows/Bitcoin Miner Inflow (Top10) - All Miners - Day.csv,CryptoQuant,158061,.csv,6302,2,2009-01-09,2026-04-11,indexed
Data/CryptoQuant/BTC/Miner Flows/Bitcoin Miner Inflow (Total) - All Miners - Day.csv,CryptoQuant,161052,.csv,6302,2,2009-01-09,2026-04-11,indexed
Data/CryptoQuant/BTC/Miner Flows/Bitcoin Miner Netflow Total - All Miners - Day.csv,CryptoQuant,181985,.csv,6302,2,2009-01-09,2026-04-11,indexed
Data/CryptoQuant/BTC/Miner Flows/Bitcoin Miner Outflow (Mean) - All Miners - Day.csv,CryptoQuant,143089,.csv,6302,2,2009-01-09,2026-04-11,indexed
Data/CryptoQuant/BTC/Miner Flows/Bitcoin Miner Outflow (Top10) - All Miners - Day.csv,CryptoQuant,157748,.csv,6302,2,2009-01-09,2026-04-11,indexed
Data/CryptoQuant/BTC/Miner Flows/Bitcoin Miner Outflow (Total) - All Miners - Day.csv,CryptoQuant,159678,.csv,6302,2,2009-01-09,2026-04-11,indexed
Data/CryptoQuant/BTC/Miner Flows/Bitcoin Miner Reserve - All Miners - Day.csv,CryptoQuant,178151,.csv,6302,2,2009-01-09,2026-04-11,indexed
Data/CryptoQuant/BTC/Miner Flows/Bitcoin Miner Reserve USD - All Miners - Day.csv,CryptoQuant,185013,.csv,6302,2,2009-01-09,2026-04-11,indexed
Data/CryptoQuant/BTC/Miner Flows/Bitcoin Miner Supply Ratio - All Miners - Day.csv,CryptoQuant,144313,.csv,6307,2,2009-01-03,2026-04-10,indexed
"Data/CryptoQuant/BTC/Miner Flows/Bitcoin Miner to Exchange Flow (Mean) - All Miners, All Exchanges - Day.csv",CryptoQuant,116488,.csv,5100,2,2012-04-25,2026-04-11,indexed
"Data/CryptoQuant/BTC/Miner Flows/Bitcoin Miner to Exchange Flow (Total) - All Miners, All Exchanges - Day.csv",CryptoQuant,127567,.csv,5100,2,2012-04-25,2026-04-11,indexed
"Data/CryptoQuant/BTC/Miner Flows/Bitcoin Miner to Exchange Transactions - All Miners, All Exchanges - Day.csv",CryptoQuant,81261,.csv,5100,2,2012-04-25,2026-04-11,indexed
Data/CryptoQuant/BTC/Miner Flows/Bitcoin Miner Withdrawing Addresses - All Miners - Day.csv,CryptoQuant,107281,.csv,6302,2,2009-01-09,2026-04-11,indexed
Data/CryptoQuant/BTC/Miner Flows/Bitcoin Miner Withdrawing Transactions - All Miners - Day.csv,CryptoQuant,103837,.csv,6302,2,2009-01-09,2026-04-11,indexed
Data/CryptoQuant/BTC/Miner Flows/Bitcoin Miners' Position Index (MPI) - Day.csv,CryptoQuant,175358,.csv,5573,2,2011-01-07,2026-04-10,indexed
Data/CryptoQuant/BTC/Miner Flows/README.md,CryptoQuant,7694,.md,,,,,indexed
Data/CryptoQuant/BTC/Network Indicator/Bitcoin Coin Days Destroyed (CDD) - Day.csv,CryptoQuant,56470,.csv,1927,2,2020-12-31,2026-04-10,indexed
Data/CryptoQuant/BTC/Network Indicator/Bitcoin UTXO Age Bands (%) - Day.csv,CryptoQuant,917679,.csv,6307,14,2009-01-03,2026-04-10,indexed
Data/CryptoQuant/BTC/Network Indicator/Bitcoin UTXO Age Bands - Day.csv,CryptoQuant,1236862,.csv,6307,14,2009-01-03,2026-04-10,indexed
Data/CryptoQuant/BTC/Network Indicator/Bitcoin UTXO Age Bands USD - Day.csv,CryptoQuant,1321146,.csv,6307,14,2009-01-03,2026-04-10,indexed
Data/CryptoQuant/BTC/Network Indicator/Bitcoin UTXO Count - Age Bands (%) - Day.csv,CryptoQuant,917461,.csv,6307,14,2009-01-03,2026-04-10,indexed
Data/CryptoQuant/BTC/Network Indicator/Bitcoin UTXO Count - Age Bands - Day.csv,CryptoQuant,636227,.csv,6307,14,2009-01-03,2026-04-10,indexed
Data/CryptoQuant/BTC/Network Indicator/Bitcoin UTXO Count - Value Bands (%) - Day.csv,CryptoQuant,625578,.csv,6307,9,2009-01-03,2026-04-10,indexed
Data/CryptoQuant/BTC/Network Indicator/Bitcoin UTXO Count - Value Bands - Day.csv,CryptoQuant,128668,.csv,1927,9,2020-12-31,2026-04-10,indexed
Data/CryptoQuant/BTC/Network Indicator/Bitcoin UTXO Value Bands (%) - Day.csv,CryptoQuant,198776,.csv,1927,9,2020-12-31,2026-04-10,indexed
Data/CryptoQuant/BTC/Network Indicator/Bitcoin UTXO Value Bands - Day.csv,CryptoQuant,277384,.csv,1927,9,2020-12-31,2026-04-10,indexed
Data/CryptoQuant/BTC/Network Indicator/Bitcoin UTXOs in Loss (%) - Day.csv,CryptoQuant,45300,.csv,1927,2,2020-12-31,2026-04-10,indexed
Data/CryptoQuant/BTC/Network Indicator/Bitcoin UTXOs in Loss - Day.csv,CryptoQuant,39911,.csv,1927,2,2020-12-31,2026-04-10,indexed
Data/CryptoQuant/BTC/Network Indicator/Bitcoin UTXOs in Profit (%) - Day.csv,CryptoQuant,46090,.csv,1927,2,2020-12-31,2026-04-10,indexed
Data/CryptoQuant/BTC/Network Indicator/Bitcoin UTXOs in Profit - Day.csv,CryptoQuant,42233,.csv,1927,2,2020-12-31,2026-04-10,indexed
Data/CryptoQuant/BTC/Network Indicator/README.md,CryptoQuant,6396,.md,,,,,indexed
Data/CryptoQuant/BTC/Network Stats/Bitcoin Block Interval (Mean) - Day.csv,CryptoQuant,154893,.csv,6307,2,2009-01-03,2026-04-10,indexed
Data/CryptoQuant/BTC/Network Stats/Bitcoin Block Size (Mean) - Day.csv,CryptoQuant,173323,.csv,6307,2,2009-01-03,2026-04-10,indexed
Data/CryptoQuant/BTC/Network Stats/Bitcoin Blocks Mined - Day.csv,CryptoQuant,100690,.csv,6307,2,2009-01-03,2026-04-10,indexed
Data/CryptoQuant/BTC/Network Stats/Bitcoin Difficulty - Day.csv,CryptoQuant,183708,.csv,6307,2,2009-01-03,2026-04-10,indexed
Data/CryptoQuant/BTC/Network Stats/Bitcoin Hashrate - Day.csv,CryptoQuant,181680,.csv,6307,2,2009-01-03,2026-04-10,indexed
Data/CryptoQuant/BTC/Network Stats/Bitcoin UTXO Count - Day.csv,CryptoQuant,129714,.csv,6307,2,2009-01-03,2026-04-10,indexed
Data/CryptoQuant/BTC/Network Stats/Bitcoin Velocity - Day.csv,CryptoQuant,137084,.csv,6307,2,2009-01-03,2026-04-10,indexed
Data/CryptoQuant/BTC/Network Stats/README.md,CryptoQuant,2931,.md,,,,,indexed
Data/CryptoQuant/BTC/Supply/Bitcoin New Supply - Day.csv,CryptoQuant,121039,.csv,6307,2,2009-01-03,2026-04-10,indexed
Data/CryptoQuant/BTC/Supply/Bitcoin Total Supply - Day.csv,CryptoQuant,181451,.csv,6307,2,2009-01-03,2026-04-10,indexed
Data/CryptoQuant/BTC/Supply/README.md,CryptoQuant,1755,.md,,,,,indexed
Data/CryptoQuant/BTC/Transactions/Bitcoin Tokens Transferred (Mean) - Day.csv,CryptoQuant,144572,.csv,6307,2,2009-01-03,2026-04-10,indexed
Data/CryptoQuant/BTC/Transactions/Bitcoin Tokens Transferred (Median) - Day.csv,CryptoQuant,135898,.csv,6307,2,2009-01-03,2026-04-10,indexed
Data/CryptoQuant/BTC/Transactions/Bitcoin Tokens Transferred (Total) - Day.csv,CryptoQuant,174289,.csv,6307,2,2009-01-03,2026-04-10,indexed
Data/CryptoQuant/BTC/Transactions/Bitcoin Transaction Count (Mean) - Day.csv,CryptoQuant,155109,.csv,6307,2,2009-01-03,2026-04-10,indexed
Data/CryptoQuant/BTC/Transactions/Bitcoin Transaction Count (Total) - Day.csv,CryptoQuant,114655,.csv,6307,2,2009-01-03,2026-04-10,indexed
Data/CryptoQuant/BTC/Transactions/README.md,CryptoQuant,2740,.md,,,,,indexed
Data/CryptoQuant/ETH/Addresses/Ethereum Active Addresses - Day.csv,CryptoQuant,37763,.csv,1986,2,2020-11-02,2026-04-10,indexed
"Data/CryptoQuant/ETH/Addresses/Ethereum Active Addresses - Internal, External, EOA - Day.csv",CryptoQuant,41819,.csv,1986,4,2020-11-02,2026-04-10,indexed
Data/CryptoQuant/ETH/Addresses/Ethereum Active Receiving Addresses - Day.csv,CryptoQuant,37767,.csv,1986,2,2020-11-02,2026-04-10,indexed
"Data/CryptoQuant/ETH/Addresses/Ethereum Active Receiving Addresses - Internal, External, EOA - Day.csv",CryptoQuant,41765,.csv,1986,4,2020-11-02,2026-04-10,indexed
Data/CryptoQuant/ETH/Addresses/Ethereum Active Sending Addresses - Day.csv,CryptoQuant,37766,.csv,1986,2,2020-11-02,2026-04-10,indexed
"Data/CryptoQuant/ETH/Addresses/Ethereum Active Sending Addresses - Internal, External, EOA - Day.csv",CryptoQuant,41786,.csv,1986,4,2020-11-02,2026-04-10,indexed
Data/CryptoQuant/ETH/Addresses/README.md,CryptoQuant,3290,.md,,,,,indexed
Data/CryptoQuant/ETH/Derivatives/Ethereum Estimated Leverage Ratio - All Exchanges - Day.csv,CryptoQuant,58826,.csv,2569,2,2019-03-30,2026-04-10,indexed
Data/CryptoQuant/ETH/Derivatives/Ethereum Funding Rates - All Exchanges - Day.csv,CryptoQuant,64523,.csv,2810,2,2018-08-02,2026-04-11,indexed
"Data/CryptoQuant/ETH/Derivatives/Ethereum Futures Taker CVD(Cumulative Volume Delta, 90-day) - Day.csv",CryptoQuant,65630,.csv,2646,4,2019-01-13,2026-04-11,indexed
"Data/CryptoQuant/ETH/Derivatives/Ethereum Long Liquidations - All Exchanges, All Symbol - Day.csv",CryptoQuant,72492,.csv,2662,2,2018-12-28,2026-04-11,indexed
"Data/CryptoQuant/ETH/Derivatives/Ethereum Long Liquidations USD - All Exchanges, All Symbol - Day.csv",CryptoQuant,78297,.csv,2662,2,2018-12-28,2026-04-11,indexed
"Data/CryptoQuant/ETH/Derivatives/Ethereum Open Interest - All Exchanges, All Symbol - Day.csv",CryptoQuant,77444,.csv,2570,2,2019-03-30,2026-04-11,indexed
"Data/CryptoQuant/ETH/Derivatives/Ethereum Short Liquidations - All Exchanges, All Symbol - Day.csv",CryptoQuant,72256,.csv,2662,2,2018-12-28,2026-04-11,indexed
"Data/CryptoQuant/ETH/Derivatives/Ethereum Short Liquidations USD - All Exchanges, All Symbol - Day.csv",CryptoQuant,78151,.csv,2662,2,2018-12-28,2026-04-11,indexed
Data/CryptoQuant/ETH/Derivatives/README.md,CryptoQuant,3850,.md,,,,,indexed
Data/CryptoQuant/ETH/ETH 2.0/Ethereum Cumulative TXs to ETH 2.0 Contract - Day.csv,CryptoQuant,38454,.csv,1981,2,2020-11-03,2026-04-06,indexed
Data/CryptoQuant/ETH/ETH 2.0/Ethereum ETH 2.0 Staking Rate (%) - Day.csv,CryptoQuant,35051,.csv,1985,2,2020-11-03,2026-04-10,indexed
Data/CryptoQuant/ETH/ETH 2.0/Ethereum New Depositors - Day.csv,CryptoQuant,32462,.csv,1981,2,2020-11-03,2026-04-06,indexed
Data/CryptoQuant/ETH/ETH 2.0/Ethereum Number of ETH 2.0 Deposits - Day.csv,CryptoQuant,32528,.csv,1981,2,2020-11-03,2026-04-06,indexed
Data/CryptoQuant/ETH/ETH 2.0/Ethereum Number of Unique Depositors - Day.csv,CryptoQuant,38426,.csv,1981,2,2020-11-03,2026-04-06,indexed
Data/CryptoQuant/ETH/ETH 2.0/Ethereum Phase 0 Success Rate (%) - Day.csv,CryptoQuant,39709,.csv,1981,2,2020-11-03,2026-04-06,indexed
Data/CryptoQuant/ETH/ETH 2.0/Ethereum Staking Inflow Total - Day.csv,CryptoQuant,41502,.csv,1981,2,2020-11-03,2026-04-06,indexed
Data/CryptoQuant/ETH/ETH 2.0/Ethereum Total Value Staked - Day.csv,CryptoQuant,59773,.csv,1985,2,2020-11-03,2026-04-10,indexed
Data/CryptoQuant/ETH/ETH 2.0/README.md,CryptoQuant,3602,.md,,,,,indexed
Data/CryptoQuant/ETH/ETH_Metrics.txt,CryptoQuant,12157,.txt,,,,,indexed
Data/CryptoQuant/ETH/Exchange Flows/Ethereum Exchange Depositing Addresses - All Exchanges - Day.csv,CryptoQuant,69581,.csv,3901,2,2015-08-07,2026-04-11,indexed
Data/CryptoQuant/ETH/Exchange Flows/Ethereum Exchange Depositing Transactions - All Exchanges - Day.csv,CryptoQuant,70124,.csv,3901,2,2015-08-07,2026-04-11,indexed
Data/CryptoQuant/ETH/Exchange Flows/Ethereum Exchange Inflow (Mean) - All Exchanges - Day.csv,CryptoQuant,92565,.csv,3895,2,2015-08-13,2026-04-11,indexed
Data/CryptoQuant/ETH/Exchange Flows/Ethereum Exchange Inflow (Top10) - All Exchanges - Day.csv,CryptoQuant,112597,.csv,3895,2,2015-08-13,2026-04-11,indexed
Data/CryptoQuant/ETH/Exchange Flows/Ethereum Exchange Inflow (Total) - All Exchanges - Day.csv,CryptoQuant,117612,.csv,3895,2,2015-08-13,2026-04-11,indexed
Data/CryptoQuant/ETH/Exchange Flows/Ethereum Exchange Netflow (Total) - All Exchanges - Day.csv,CryptoQuant,120166,.csv,3901,2,2015-08-07,2026-04-11,indexed
Data/CryptoQuant/ETH/Exchange Flows/Ethereum Exchange Outflow (Mean) - All Exchanges - Day.csv,CryptoQuant,90635,.csv,3895,2,2015-08-13,2026-04-11,indexed
Data/CryptoQuant/ETH/Exchange Flows/Ethereum Exchange Outflow (Top10) - All Exchanges - Day.csv,CryptoQuant,111240,.csv,3895,2,2015-08-13,2026-04-11,indexed
Data/CryptoQuant/ETH/Exchange Flows/Ethereum Exchange Outflow (Total) - All Exchanges - Day.csv,CryptoQuant,117588,.csv,3895,2,2015-08-13,2026-04-11,indexed
Data/CryptoQuant/ETH/Exchange Flows/Ethereum Exchange Reserve - All Exchanges - Day.csv,CryptoQuant,118475,.csv,3901,2,2015-08-07,2026-04-11,indexed
Data/CryptoQuant/ETH/Exchange Flows/Ethereum Exchange Reserve USD - All Exchanges - Day.csv,CryptoQuant,117663,.csv,3901,2,2015-08-07,2026-04-11,indexed
Data/CryptoQuant/ETH/Exchange Flows/Ethereum Exchange Withdrawing Addresses - All Exchanges - Day.csv,CryptoQuant,69375,.csv,3901,2,2015-08-07,2026-04-11,indexed
Data/CryptoQuant/ETH/Exchange Flows/Ethereum Exchange Withdrawing Transactions - All Exchanges - Day.csv,CryptoQuant,72216,.csv,3901,2,2015-08-07,2026-04-11,indexed
Data/CryptoQuant/ETH/Exchange Flows/README.md,CryptoQuant,5557,.md,,,,,indexed
Data/CryptoQuant/ETH/Fees And Revenue/Ethereum Fees (Total) - Day.csv,CryptoQuant,60199,.csv,1986,2,2020-11-02,2026-04-10,indexed
Data/CryptoQuant/ETH/Fees And Revenue/Ethereum Fees Burnt (Total) - Day.csv,CryptoQuant,55417,.csv,1986,2,2020-11-02,2026-04-10,indexed
Data/CryptoQuant/ETH/Fees And Revenue/Ethereum Fees Burnt per Transaction (Mean) - Day.csv,CryptoQuant,56037,.csv,1986,2,2020-11-02,2026-04-10,indexed
Data/CryptoQuant/ETH/Fees And Revenue/Ethereum Fees Burnt per Transaction (Median) - Day.csv,CryptoQuant,55584,.csv,1986,2,2020-11-02,2026-04-10,indexed
Data/CryptoQuant/ETH/Fees And Revenue/Ethereum Fees Burnt per Transaction USD (Mean) - Day.csv,CryptoQuant,55686,.csv,1986,2,2020-11-02,2026-04-10,indexed
Data/CryptoQuant/ETH/Fees And Revenue/Ethereum Fees Burnt per Transaction USD (Median) - Day.csv,CryptoQuant,55945,.csv,1986,2,2020-11-02,2026-04-10,indexed
Data/CryptoQuant/ETH/Fees And Revenue/Ethereum Fees Burnt USD (Total) - Day.csv,CryptoQuant,55387,.csv,1986,2,2020-11-02,2026-04-10,indexed
Data/CryptoQuant/ETH/Fees And Revenue/Ethereum Fees per Transaction (Mean) - Day.csv,CryptoQuant,61253,.csv,1986,2,2020-11-02,2026-04-10,indexed
Data/CryptoQuant/ETH/Fees And Revenue/Ethereum Fees per Transaction USD (Mean) - Day.csv,CryptoQuant,60335,.csv,1986,2,2020-11-02,2026-04-10,indexed
Data/CryptoQuant/ETH/Fees And Revenue/README.md,CryptoQuant,3766,.md,,,,,indexed
Data/CryptoQuant/ETH/Flow Indicator/Ethereum Exchange Supply Ratio - All Exchanges - Day.csv,CryptoQuant,89393,.csv,3908,2,2015-07-30,2026-04-10,indexed
Data/CryptoQuant/ETH/Flow Indicator/README.md,CryptoQuant,1614,.md,,,,,indexed
Data/CryptoQuant/ETH/Fund Data/Ethereum Coinbase Premium Gap - Day.csv,CryptoQuant,54730,.csv,3159,2,2017-08-17,2026-04-10,indexed
Data/CryptoQuant/ETH/Fund Data/Ethereum Coinbase Premium Index - Day.csv,CryptoQuant,73504,.csv,3159,2,2017-08-17,2026-04-10,indexed
Data/CryptoQuant/ETH/Fund Data/Ethereum Fund Holdings - All Symbol - Day.csv,CryptoQuant,55890,.csv,1983,2,2020-11-04,2026-04-09,indexed
Data/CryptoQuant/ETH/Fund Data/Ethereum Fund Market Premium - All Symbol - Day.csv,CryptoQuant,43116,.csv,1379,2,2020-11-04,2026-04-09,indexed
Data/CryptoQuant/ETH/Fund Data/Ethereum Fund Price (USD) - ETHE - Day.csv,CryptoQuant,33335,.csv,1710,2,2019-06-14,2026-04-02,indexed
Data/CryptoQuant/ETH/Fund Data/Ethereum Fund Volume - All Symbol - Day.csv,CryptoQuant,34397,.csv,1738,2,2019-06-14,2026-04-09,indexed
Data/CryptoQuant/ETH/Fund Data/Ethereum Korea Premium Index - Day.csv,CryptoQuant,35761,.csv,2095,2,2020-07-16,2026-04-10,indexed
Data/CryptoQuant/ETH/Fund Data/README.md,CryptoQuant,3186,.md,,,,,indexed
Data/CryptoQuant/ETH/Market Data/Ethereum Market Cap - Day.csv,CryptoQuant,117889,.csv,3900,2,2015-08-07,2026-04-10,indexed
"Data/CryptoQuant/ETH/Market Data/Ethereum Price & Volume - Spot, All Exchanges, ETH-USD - Day.csv",CryptoQuant,311480,.csv,3896,6,2015-08-07,2026-04-11,indexed
Data/CryptoQuant/ETH/Market Data/Ethereum Price & Volume KRW - Spot - Day.csv,CryptoQuant,321352,.csv,3654,6,2016-04-08,2026-04-10,indexed
Data/CryptoQuant/ETH/Market Data/Ethereum Taker Buy Ratio - All Exchanges - Day.csv,CryptoQuant,63655,.csv,2780,2,2018-09-01,2026-04-11,indexed
Data/CryptoQuant/ETH/Market Data/Ethereum Taker Buy Sell Ratio - All Exchanges - Day.csv,CryptoQuant,63643,.csv,2780,2,2018-09-01,2026-04-11,indexed
Data/CryptoQuant/ETH/Market Data/Ethereum Taker Buy Volume - All Exchanges - Day.csv,CryptoQuant,83941,.csv,2780,2,2018-09-01,2026-04-11,indexed
Data/CryptoQuant/ETH/Market Data/Ethereum Taker Sell Ratio - All Exchanges - Day.csv,CryptoQuant,63656,.csv,2780,2,2018-09-01,2026-04-11,indexed
Data/CryptoQuant/ETH/Market Data/Ethereum Taker Sell Volume - All Exchanges - Day.csv,CryptoQuant,83954,.csv,2780,2,2018-09-01,2026-04-11,indexed
Data/CryptoQuant/ETH/Market Data/README.md,CryptoQuant,3734,.md,,,,,indexed
Data/CryptoQuant/ETH/Network Stats/Ethereum Destroyed Contracts - Day.csv,CryptoQuant,33305,.csv,1986,2,2020-11-02,2026-04-10,indexed
Data/CryptoQuant/ETH/Network Stats/Ethereum New Contracts - Day.csv,CryptoQuant,35244,.csv,1986,2,2020-11-02,2026-04-10,indexed
Data/CryptoQuant/ETH/Network Stats/Ethereum Number of Contracts - Day.csv,CryptoQuant,41732,.csv,1986,2,2020-11-02,2026-04-10,indexed
Data/CryptoQuant/ETH/Network Stats/README.md,CryptoQuant,2095,.md,,,,,indexed
Data/CryptoQuant/ETH/Transactions/Ethereum Contract Calls (Mean) - Day.csv,CryptoQuant,96297,.csv,3908,2,2015-07-30,2026-04-10,indexed
Data/CryptoQuant/ETH/Transactions/Ethereum Contract Calls (Total) - Day.csv,CryptoQuant,7570,.csv,365,2,2025-04-11,2026-04-10,indexed
Data/CryptoQuant/ETH/Transactions/Ethereum External Contract Calls (Mean) - Day.csv,CryptoQuant,9098,.csv,365,2,2025-04-11,2026-04-10,indexed
Data/CryptoQuant/ETH/Transactions/Ethereum External Contract Calls (Total) - Day.csv,CryptoQuant,7185,.csv,365,2,2025-04-11,2026-04-10,indexed
Data/CryptoQuant/ETH/Transactions/Ethereum Tokens Transferred (Mean) - Day.csv,CryptoQuant,11146,.csv,365,2,2025-04-11,2026-04-10,indexed
Data/CryptoQuant/ETH/Transactions/Ethereum Tokens Transferred (Median) - Day.csv,CryptoQuant,9713,.csv,365,2,2025-04-11,2026-04-10,indexed
Data/CryptoQuant/ETH/Transactions/Ethereum Tokens Transferred (Total) - Day.csv,CryptoQuant,11114,.csv,365,2,2025-04-11,2026-04-10,indexed
"Data/CryptoQuant/ETH/Transactions/Ethereum Tokens Transferred - Internal, External, EOA (Mean) - Day.csv",CryptoQuant,11906,.csv,365,4,2025-04-11,2026-04-10,indexed
"Data/CryptoQuant/ETH/Transactions/Ethereum Tokens Transferred - Internal, External, EOA (Median) - Day.csv",CryptoQuant,10563,.csv,365,4,2025-04-11,2026-04-10,indexed
"Data/CryptoQuant/ETH/Transactions/Ethereum Tokens Transferred - Internal, External, EOA (Total) - Day.csv",CryptoQuant,11843,.csv,365,4,2025-04-11,2026-04-10,indexed
Data/CryptoQuant/ETH/Transactions/Ethereum Tokens Transferred Between EOA (Mean) - Day.csv,CryptoQuant,11132,.csv,365,2,2025-04-11,2026-04-10,indexed
Data/CryptoQuant/ETH/Transactions/Ethereum Tokens Transferred Between EOA (Total) - Day.csv,CryptoQuant,11135,.csv,365,2,2025-04-11,2026-04-10,indexed
Data/CryptoQuant/ETH/Transactions/Ethereum Tokens Transferred Between EOA USD (Mean) - Day.csv,CryptoQuant,11080,.csv,365,2,2025-04-11,2026-04-10,indexed
Data/CryptoQuant/ETH/Transactions/Ethereum Tokens Transferred Between EOA USD (Median) - Day.csv,CryptoQuant,10875,.csv,365,2,2025-04-11,2026-04-10,indexed
Data/CryptoQuant/ETH/Transactions/Ethereum Tokens Transferred Between EOA USD (Total) - Day.csv,CryptoQuant,118065,.csv,3908,2,2015-07-30,2026-04-10,indexed
Data/CryptoQuant/ETH/Transactions/Ethereum Tokens Transferred by Contract Calls (Mean) - Day.csv,CryptoQuant,11199,.csv,365,2,2025-04-11,2026-04-10,indexed
Data/CryptoQuant/ETH/Transactions/Ethereum Tokens Transferred by Contract Calls (Median) - Day.csv,CryptoQuant,9852,.csv,365,2,2025-04-11,2026-04-10,indexed
Data/CryptoQuant/ETH/Transactions/Ethereum Tokens Transferred by Contract Calls (Total) - Day.csv,CryptoQuant,11178,.csv,365,2,2025-04-11,2026-04-10,indexed
Data/CryptoQuant/ETH/Transactions/Ethereum Tokens Transferred by Contract Calls USD (Mean) - Day.csv,CryptoQuant,11063,.csv,365,2,2025-04-11,2026-04-10,indexed
Data/CryptoQuant/ETH/Transactions/Ethereum Tokens Transferred by Contract Calls USD (Median) - Day.csv,CryptoQuant,10863,.csv,365,2,2025-04-11,2026-04-10,indexed
Data/CryptoQuant/ETH/Transactions/Ethereum Tokens Transferred by Contract Calls USD (Total) - Day.csv,CryptoQuant,11058,.csv,365,2,2025-04-11,2026-04-10,indexed
Data/CryptoQuant/ETH/Transactions/Ethereum Tokens Transferred by External Contract Calls (Mean) - Day.csv,CryptoQuant,11191,.csv,365,2,2025-04-11,2026-04-10,indexed
Data/CryptoQuant/ETH/Transactions/Ethereum Tokens Transferred by External Contract Calls (Median) - Day.csv,CryptoQuant,9238,.csv,365,2,2025-04-11,2026-04-10,indexed
Data/CryptoQuant/ETH/Transactions/Ethereum Tokens Transferred by External Contract Calls (Total) - Day.csv,CryptoQuant,11086,.csv,365,2,2025-04-11,2026-04-10,indexed
Data/CryptoQuant/ETH/Transactions/Ethereum Tokens Transferred by External Contract Calls USD (Mean) - Day.csv,CryptoQuant,11064,.csv,365,2,2025-04-11,2026-04-10,indexed
Data/CryptoQuant/ETH/Transactions/Ethereum Tokens Transferred by External Contract Calls USD (Median) - Day.csv,CryptoQuant,16233,.csv,566,2,2024-09-22,2026-04-10,indexed
Data/CryptoQuant/ETH/Transactions/Ethereum Tokens Transferred by External Contract Calls USD (Total) - Day.csv,CryptoQuant,11106,.csv,365,2,2025-04-11,2026-04-10,indexed
Data/CryptoQuant/ETH/Transactions/Ethereum Tokens Transferred USD (Mean) - Day.csv,CryptoQuant,11081,.csv,365,2,2025-04-11,2026-04-10,indexed
Data/CryptoQuant/ETH/Transactions/Ethereum Tokens Transferred USD (Median) - Day.csv,CryptoQuant,10875,.csv,365,2,2025-04-11,2026-04-10,indexed
Data/CryptoQuant/ETH/Transactions/Ethereum Tokens Transferred USD (Total) - Day.csv,CryptoQuant,11054,.csv,365,2,2025-04-11,2026-04-10,indexed
"Data/CryptoQuant/ETH/Transactions/Ethereum Tokens Transferred USD - Internal, External, EOA (Mean) - Day.csv",CryptoQuant,11832,.csv,365,4,2025-04-11,2026-04-10,indexed
"Data/CryptoQuant/ETH/Transactions/Ethereum Tokens Transferred USD - Internal, External, EOA (Median) - Day.csv",CryptoQuant,11645,.csv,365,4,2025-04-11,2026-04-10,indexed
"Data/CryptoQuant/ETH/Transactions/Ethereum Tokens Transferred USD - Internal, External, EOA (Total) - Day.csv",CryptoQuant,11835,.csv,365,4,2025-04-11,2026-04-10,indexed
Data/CryptoQuant/ETH/Transactions/Ethereum Transaction Count (Mean) - Day.csv,CryptoQuant,49475,.csv,1986,2,2020-11-02,2026-04-10,indexed
Data/CryptoQuant/ETH/Transactions/Ethereum Transaction Count (Total) - Day.csv,CryptoQuant,39619,.csv,1986,2,2020-11-02,2026-04-10,indexed
"Data/CryptoQuant/ETH/Transactions/Ethereum Transaction Count - Internal, External, EOA (Total) - Day.csv",CryptoQuant,44010,.csv,1986,4,2020-11-02,2026-04-10,indexed
Data/CryptoQuant/ETH/Transactions/Ethereum Transactions Between EOA (Mean) - Day.csv,CryptoQuant,47560,.csv,1986,2,2020-11-02,2026-04-10,indexed
Data/CryptoQuant/ETH/Transactions/Ethereum Transactions Between EOA (Total) - Day.csv,CryptoQuant,37817,.csv,1986,2,2020-11-02,2026-04-10,indexed
"Data/CryptoQuant/ETH/Transactions/Ethereum Transfer Count - Internal, External, EOA (Mean) - Day.csv",CryptoQuant,9871,.csv,365,4,2025-04-11,2026-04-10,indexed
"Data/CryptoQuant/ETH/Transactions/Ethereum Transfer Count - Internal, External, EOA (Total) - Day.csv",CryptoQuant,8071,.csv,365,4,2025-04-11,2026-04-10,indexed
Data/CryptoQuant/ETH/Transactions/Ethereum Transfers Between EOA (Mean) - Day.csv,CryptoQuant,8820,.csv,365,2,2025-04-11,2026-04-10,indexed
Data/CryptoQuant/ETH/Transactions/Ethereum Transfers Between EOA (Total) - Day.csv,CryptoQuant,7010,.csv,365,2,2025-04-11,2026-04-10,indexed
Data/CryptoQuant/ETH/Transactions/Ethereum Transfers by Contract Calls (Mean) - Day.csv,CryptoQuant,9069,.csv,365,2,2025-04-11,2026-04-10,indexed
Data/CryptoQuant/ETH/Transactions/Ethereum Transfers by External Contract Calls (Mean) - Day.csv,CryptoQuant,8778,.csv,365,2,2025-04-11,2026-04-10,indexed
Data/CryptoQuant/ETH/Transactions/Ethereum Transfers by External Contract Calls (Total) - Day.csv,CryptoQuant,6986,.csv,365,2,2025-04-11,2026-04-10,indexed
Data/CryptoQuant/ETH/Transactions/README.md,CryptoQuant,12138,.md,,,,,indexed
Data/CryptoQuant/USDC/Addresses/README.md,CryptoQuant,2852,.md,,,,,indexed
Data/CryptoQuant/USDC/Addresses/USD Coin(ERC20) Active Addresses - Day.csv,CryptoQuant,49071,.csv,2761,2,2018-09-10,2026-04-11,indexed
Data/CryptoQuant/USDC/Addresses/USD Coin(ERC20) Active Receiving Addresses (%) - Day.csv,CryptoQuant,65911,.csv,2761,2,2018-09-10,2026-04-11,indexed
Data/CryptoQuant/USDC/Addresses/USD Coin(ERC20) Active Receiving Addresses - Day.csv,CryptoQuant,48935,.csv,2761,2,2018-09-10,2026-04-11,indexed
Data/CryptoQuant/USDC/Addresses/USD Coin(ERC20) Active Sending Addresses (%) - Day.csv,CryptoQuant,65852,.csv,2761,2,2018-09-10,2026-04-11,indexed
Data/CryptoQuant/USDC/Addresses/USD Coin(ERC20) Active Sending Addresses - Day.csv,CryptoQuant,48852,.csv,2761,2,2018-09-10,2026-04-11,indexed
Data/CryptoQuant/USDC/Exchange Flows/README.md,CryptoQuant,5306,.md,,,,,indexed
Data/CryptoQuant/USDC/Exchange Flows/USD Coin(ERC20) Exchange Depositing Addresses - All Exchanges - Day.csv,CryptoQuant,46646,.csv,2770,2,2018-09-12,2026-04-12,indexed
Data/CryptoQuant/USDC/Exchange Flows/USD Coin(ERC20) Exchange Depositing Transactions - All Exchanges - Day.csv,CryptoQuant,46831,.csv,2770,2,2018-09-12,2026-04-12,indexed
Data/CryptoQuant/USDC/Exchange Flows/USD Coin(ERC20) Exchange Inflow (Mean) - All Exchanges - Day.csv,CryptoQuant,75214,.csv,2770,2,2018-09-12,2026-04-12,indexed
Data/CryptoQuant/USDC/Exchange Flows/USD Coin(ERC20) Exchange Inflow (Top10) - All Exchanges - Day.csv,CryptoQuant,79020,.csv,2770,2,2018-09-12,2026-04-12,indexed
Data/CryptoQuant/USDC/Exchange Flows/USD Coin(ERC20) Exchange Inflow (Total) - All Exchanges - Day.csv,CryptoQuant,79221,.csv,2769,2,2018-09-12,2026-04-11,indexed
Data/CryptoQuant/USDC/Exchange Flows/USD Coin(ERC20) Exchange Netflow (Total) - All Exchanges - Day.csv,CryptoQuant,78008,.csv,2770,2,2018-09-12,2026-04-12,indexed
Data/CryptoQuant/USDC/Exchange Flows/USD Coin(ERC20) Exchange Outflow (Mean) - All Exchanges - Day.csv,CryptoQuant,74942,.csv,2770,2,2018-09-12,2026-04-12,indexed
Data/CryptoQuant/USDC/Exchange Flows/USD Coin(ERC20) Exchange Outflow (Top10) - All Exchanges - Day.csv,CryptoQuant,78826,.csv,2770,2,2018-09-12,2026-04-12,indexed
Data/CryptoQuant/USDC/Exchange Flows/USD Coin(ERC20) Exchange Outflow (Total) - All Exchanges - Day.csv,CryptoQuant,79253,.csv,2769,2,2018-09-12,2026-04-11,indexed
Data/CryptoQuant/USDC/Exchange Flows/USD Coin(ERC20) Exchange Reserve - All Exchanges - Day.csv,CryptoQuant,83383,.csv,2769,2,2018-09-12,2026-04-11,indexed
Data/CryptoQuant/USDC/Exchange Flows/USD Coin(ERC20) Exchange Withdrawing Addresses - All Exchanges - Day.csv,CryptoQuant,46905,.csv,2770,2,2018-09-12,2026-04-12,indexed
Data/CryptoQuant/USDC/Exchange Flows/USD Coin(ERC20) Exchange Withdrawing Transactions - All Exchanges - Day.csv,CryptoQuant,47164,.csv,2770,2,2018-09-12,2026-04-12,indexed
Data/CryptoQuant/USDC/Flow Indicator/README.md,CryptoQuant,1636,.md,,,,,indexed
Data/CryptoQuant/USDC/Flow Indicator/USD Coin(ERC20) Exchange Supply Ratio - All Exchanges - Day.csv,CryptoQuant,63378,.csv,2771,2,2018-09-10,2026-04-11,indexed
Data/CryptoQuant/USDC/Transactions/README.md,CryptoQuant,2223,.md,,,,,indexed
Data/CryptoQuant/USDC/Transactions/USD Coin(ERC20) Tokens Transferred (Mean) - Day.csv,CryptoQuant,75131,.csv,2761,2,2018-09-10,2026-04-11,indexed
Data/CryptoQuant/USDC/Transactions/USD Coin(ERC20) Tokens Transferred (Total) - Day.csv,CryptoQuant,81701,.csv,2761,2,2018-09-10,2026-04-11,indexed
Data/CryptoQuant/USDC/Transactions/USD Coin(ERC20) Transfer Event Count - Day.csv,CryptoQuant,49612,.csv,2761,2,2018-09-10,2026-04-11,indexed
Data/CryptoQuant/USDC/USDC_Metrics.txt,CryptoQuant,2355,.txt,,,,,indexed
Data/CryptoQuant/USDT (TRX)/Addresses/README.md,CryptoQuant,2863,.md,,,,,indexed
Data/CryptoQuant/USDT (TRX)/Addresses/Tether USD(TRC20) Active Addresses - Day.csv,CryptoQuant,46595,.csv,2474,2,2019-07-01,2026-04-08,indexed
Data/CryptoQuant/USDT (TRX)/Addresses/Tether USD(TRC20) Active Receiving Addresses (%) - Day.csv,CryptoQuant,56522,.csv,2474,2,2019-07-01,2026-04-08,indexed
Data/CryptoQuant/USDT (TRX)/Addresses/Tether USD(TRC20) Active Receiving Addresses - Day.csv,CryptoQuant,46092,.csv,2474,2,2019-07-01,2026-04-08,indexed
Data/CryptoQuant/USDT (TRX)/Addresses/Tether USD(TRC20) Active Sending Addresses (%) - Day.csv,CryptoQuant,56525,.csv,2474,2,2019-07-01,2026-04-08,indexed
Data/CryptoQuant/USDT (TRX)/Addresses/Tether USD(TRC20) Active Sending Addresses - Day.csv,CryptoQuant,45782,.csv,2474,2,2019-07-01,2026-04-08,indexed
Data/CryptoQuant/USDT (TRX)/Exchange Flows/README.md,CryptoQuant,4387,.md,,,,,indexed
Data/CryptoQuant/USDT (TRX)/Exchange Flows/Tether USD(TRC20) Exchange Depositing Transactions - All Exchanges - Day.csv,CryptoQuant,44786,.csv,2459,2,2019-07-17,2026-04-09,indexed
Data/CryptoQuant/USDT (TRX)/Exchange Flows/Tether USD(TRC20) Exchange Inflow (Mean) - All Exchanges - Day.csv,CryptoQuant,65699,.csv,2459,2,2019-07-17,2026-04-09,indexed
Data/CryptoQuant/USDT (TRX)/Exchange Flows/Tether USD(TRC20) Exchange Inflow (Top10) - All Exchanges - Day.csv,CryptoQuant,71571,.csv,2459,2,2019-07-17,2026-04-09,indexed
Data/CryptoQuant/USDT (TRX)/Exchange Flows/Tether USD(TRC20) Exchange Inflow (Total) - All Exchanges - Day.csv,CryptoQuant,73723,.csv,2459,2,2019-07-17,2026-04-09,indexed
Data/CryptoQuant/USDT (TRX)/Exchange Flows/Tether USD(TRC20) Exchange Netflow (Total) - All Exchanges - Day.csv,CryptoQuant,74518,.csv,2459,2,2019-07-17,2026-04-09,indexed
Data/CryptoQuant/USDT (TRX)/Exchange Flows/Tether USD(TRC20) Exchange Outflow (Mean) - All Exchanges - Day.csv,CryptoQuant,64274,.csv,2459,2,2019-07-17,2026-04-09,indexed
Data/CryptoQuant/USDT (TRX)/Exchange Flows/Tether USD(TRC20) Exchange Outflow (Top10) - All Exchanges - Day.csv,CryptoQuant,71188,.csv,2459,2,2019-07-17,2026-04-09,indexed
Data/CryptoQuant/USDT (TRX)/Exchange Flows/Tether USD(TRC20) Exchange Reserve - All Exchanges - Day.csv,CryptoQuant,74196,.csv,2459,2,2019-07-17,2026-04-09,indexed
Data/CryptoQuant/USDT (TRX)/Exchange Flows/Tether USD(TRC20) Exchange Withdrawing Transactions - All Exchanges - Day.csv,CryptoQuant,45298,.csv,2459,2,2019-07-17,2026-04-09,indexed
Data/CryptoQuant/USDT (TRX)/USDT_TRX_Metrics.txt,CryptoQuant,1569,.txt,,,,,indexed
Data/CryptoQuant/USDT ETH/Addresses/README.md,CryptoQuant,2870,.md,,,,,indexed
Data/CryptoQuant/USDT ETH/Addresses/Tether USD(ERC20) Active Addresses - Day.csv,CryptoQuant,53690,.csv,3008,2,2017-11-28,2026-04-11,indexed
Data/CryptoQuant/USDT ETH/Addresses/Tether USD(ERC20) Active Receiving Addresses (%) - Day.csv,CryptoQuant,71507,.csv,3008,2,2017-11-28,2026-04-11,indexed
Data/CryptoQuant/USDT ETH/Addresses/Tether USD(ERC20) Active Receiving Addresses - Day.csv,CryptoQuant,53204,.csv,3008,2,2017-11-28,2026-04-11,indexed
Data/CryptoQuant/USDT ETH/Addresses/Tether USD(ERC20) Active Sending Addresses (%) - Day.csv,CryptoQuant,71506,.csv,3008,2,2017-11-28,2026-04-11,indexed
Data/CryptoQuant/USDT ETH/Addresses/Tether USD(ERC20) Active Sending Addresses - Day.csv,CryptoQuant,53000,.csv,3008,2,2017-11-28,2026-04-11,indexed
Data/CryptoQuant/USDT ETH/Exchange Flows/README.md,CryptoQuant,5385,.md,,,,,indexed
Data/CryptoQuant/USDT ETH/Exchange Flows/Tether USD(ERC20) Exchange Depositing Addresses - All Exchanges - Day.csv,CryptoQuant,52349,.csv,3027,2,2017-12-28,2026-04-11,indexed
Data/CryptoQuant/USDT ETH/Exchange Flows/Tether USD(ERC20) Exchange Depositing Transactions - All Exchanges - Day.csv,CryptoQuant,52587,.csv,3027,2,2017-12-28,2026-04-11,indexed
Data/CryptoQuant/USDT ETH/Exchange Flows/Tether USD(ERC20) Exchange Inflow (Mean) - All Exchanges - Day.csv,CryptoQuant,80792,.csv,3027,2,2017-12-28,2026-04-11,indexed
Data/CryptoQuant/USDT ETH/Exchange Flows/Tether USD(ERC20) Exchange Inflow (Top10) - All Exchanges - Day.csv,CryptoQuant,85876,.csv,3027,2,2017-12-28,2026-04-11,indexed
Data/CryptoQuant/USDT ETH/Exchange Flows/Tether USD(ERC20) Exchange Inflow (Total) - All Exchanges - Day.csv,CryptoQuant,86010,.csv,3027,2,2017-12-28,2026-04-11,indexed
Data/CryptoQuant/USDT ETH/Exchange Flows/Tether USD(ERC20) Exchange Netflow (Total) - All Exchanges - Day.csv,CryptoQuant,84931,.csv,3027,2,2017-12-28,2026-04-11,indexed
Data/CryptoQuant/USDT ETH/Exchange Flows/Tether USD(ERC20) Exchange Outflow (Mean) - All Exchanges - Day.csv,CryptoQuant,80246,.csv,3027,2,2017-12-28,2026-04-11,indexed
Data/CryptoQuant/USDT ETH/Exchange Flows/Tether USD(ERC20) Exchange Outflow (Top10) - All Exchanges - Day.csv,CryptoQuant,85609,.csv,3027,2,2017-12-28,2026-04-11,indexed
Data/CryptoQuant/USDT ETH/Exchange Flows/Tether USD(ERC20) Exchange Outflow (Total) - All Exchanges - Day.csv,CryptoQuant,86268,.csv,3027,2,2017-12-28,2026-04-11,indexed
Data/CryptoQuant/USDT ETH/Exchange Flows/Tether USD(ERC20) Exchange Reserve - All Exchanges - Day.csv,CryptoQuant,90353,.csv,3027,2,2017-12-28,2026-04-11,indexed
Data/CryptoQuant/USDT ETH/Exchange Flows/Tether USD(ERC20) Exchange Withdrawing Addresses - All Exchanges - Day.csv,CryptoQuant,52812,.csv,3027,2,2017-12-28,2026-04-11,indexed
Data/CryptoQuant/USDT ETH/Exchange Flows/Tether USD(ERC20) Exchange Withdrawing Transactions - All Exchanges - Day.csv,CryptoQuant,52910,.csv,3027,2,2017-12-28,2026-04-11,indexed
Data/CryptoQuant/USDT ETH/Flow Indicator/README.md,CryptoQuant,1646,.md,,,,,indexed
Data/CryptoQuant/USDT ETH/Flow Indicator/Tether USD(ERC20) Exchange Supply Ratio - All Exchanges - Day.csv,CryptoQuant,69732,.csv,3056,2,2017-11-28,2026-04-10,indexed
Data/CryptoQuant/USDT ETH/Market Data/README.md,CryptoQuant,1535,.md,,,,,indexed
Data/CryptoQuant/USDT ETH/Market Data/Tether USD(ERC20) Market Cap - Day.csv,CryptoQuant,88786,.csv,3008,2,2017-11-28,2026-04-11,indexed
Data/CryptoQuant/USDT ETH/Supply/README.md,CryptoQuant,1564,.md,,,,,indexed
Data/CryptoQuant/USDT ETH/Supply/Tether USD(ERC20) Total Supply - Day.csv,CryptoQuant,81941,.csv,3057,2,2017-11-28,2026-04-11,indexed
Data/CryptoQuant/USDT ETH/Transactions/README.md,CryptoQuant,1923,.md,,,,,indexed
Data/CryptoQuant/USDT ETH/Transactions/Tether USD(ERC20) Tokens Transferred (Total) - Day.csv,CryptoQuant,88265,.csv,3008,2,2017-11-28,2026-04-11,indexed
Data/CryptoQuant/USDT ETH/Transactions/Tether USD(ERC20) Transfer Event Count - Day.csv,CryptoQuant,54912,.csv,3008,2,2017-11-28,2026-04-11,indexed
Data/CryptoQuant/USDT ETH/USDT_ETH_Metrics.txt,CryptoQuant,2422,.txt,,,,,indexed
Data/CryptoQuant/WBTC/Addresses/README.md,CryptoQuant,2131,.md,,,,,indexed
Data/CryptoQuant/WBTC/Addresses/Wrapped BTC Active Addresses - Day.csv,CryptoQuant,44280,.csv,2696,2,2018-11-24,2026-04-11,indexed
Data/CryptoQuant/WBTC/Addresses/Wrapped BTC Active Receiving Addresses - Day.csv,CryptoQuant,43899,.csv,2696,2,2018-11-24,2026-04-11,indexed
Data/CryptoQuant/WBTC/Addresses/Wrapped BTC Active Sending Addresses - Day.csv,CryptoQuant,43766,.csv,2696,2,2018-11-24,2026-04-11,indexed
Data/CryptoQuant/WBTC/Transactions/README.md,CryptoQuant,3095,.md,,,,,indexed
Data/CryptoQuant/WBTC/Transactions/Wrapped BTC Tokens Transferred (Mean) - Day.csv,CryptoQuant,80890,.csv,2696,2,2018-11-24,2026-04-11,indexed
Data/CryptoQuant/WBTC/Transactions/Wrapped BTC Tokens Transferred (Median) - Day.csv,CryptoQuant,60217,.csv,2696,2,2018-11-24,2026-04-11,indexed
Data/CryptoQuant/WBTC/Transactions/Wrapped BTC Tokens Transferred (Total) - Day.csv,CryptoQuant,70161,.csv,2696,2,2018-11-24,2026-04-11,indexed
Data/CryptoQuant/WBTC/Transactions/Wrapped BTC Transaction Count (Mean) - Day.csv,CryptoQuant,61206,.csv,2696,2,2018-11-24,2026-04-11,indexed
Data/CryptoQuant/WBTC/Transactions/Wrapped BTC Transaction Count (Total) - Day.csv,CryptoQuant,45775,.csv,2696,2,2018-11-24,2026-04-11,indexed
Data/CryptoQuant/WBTC/Transactions/Wrapped BTC Transfer Count (Total) - Day.csv,CryptoQuant,45674,.csv,2696,2,2018-11-24,2026-04-11,indexed
Data/CryptoQuant/WBTC/WBTC_Metrics.txt,CryptoQuant,899,.txt,,,,,indexed
Data/DefiLlama/_raw_parts/cex_inflows/cex-inflows-chart_combined_2026-04-17 part 1.csv,DefiLlama,247511,.csv,1253,26,2022-11-12,2026-04-17,indexed
Data/DefiLlama/_raw_parts/cex_inflows/cex-inflows-chart_combined_2026-04-17 part 2.csv,DefiLlama,113115,.csv,1037,26,2023-06-16,2026-04-17,indexed
Data/DefiLlama/_raw_parts/cex_inflows/cex-inflows-chart_combined_2026-04-17 part 3.csv,DefiLlama,148013,.csv,1243,26,2022-11-22,2026-04-17,indexed
Data/DefiLlama/_raw_parts/duplicates/all_metrics_2026-04-17 (1) volume.csv,DefiLlama,904499,.csv,3644,38,2016-04-19,2026-04-17,indexed
Data/DefiLlama/_raw_parts/duplicates/ethereum_metrics_2026-04-17 (1).csv,DefiLlama,1017157,.csv,3125,48,2017-09-27,2026-04-17,indexed
Data/DefiLlama/_raw_parts/duplicates/ethereum_metrics_2026-04-17 Fees and revenue.csv,DefiLlama,1017157,.csv,3125,48,2017-09-27,2026-04-17,indexed
Data/DefiLlama/_raw_parts/duplicates/rwa-time-series-chart-active-mcap-all-2026-04-14.csv,DefiLlama,190595,.csv,1684,19,2021-09-04,2026-04-14,indexed
Data/DefiLlama/_raw_parts/duplicates/rwa-time-series-chart-onchain-mcap-all-2026-04-14.csv,DefiLlama,224131,.csv,1684,22,2021-09-04,2026-04-14,indexed
Data/DefiLlama/_raw_parts/README.md,DefiLlama,301,.md,,,,,indexed
Data/DefiLlama/_raw_parts/stablecoin_mcap/stablecoin-mcap-chart_combined_2026-04-17 (1) part 5.csv,DefiLlama,237346,.csv,1981,26,2020-11-14,2026-04-17,indexed
Data/DefiLlama/_raw_parts/stablecoin_mcap/stablecoin-mcap-chart_combined_2026-04-17 (1) part 6.csv,DefiLlama,246351,.csv,2102,26,2020-07-16,2026-04-17,indexed
Data/DefiLlama/_raw_parts/stablecoin_mcap/stablecoin-mcap-chart_combined_2026-04-17 (1) part 7.csv,DefiLlama,216871,.csv,1934,26,2020-12-31,2026-04-17,indexed
Data/DefiLlama/_raw_parts/stablecoin_mcap/stablecoin-mcap-chart_combined_2026-04-17 part 1.csv,DefiLlama,348599,.csv,3062,26,2017-11-29,2026-04-17,indexed
Data/DefiLlama/_raw_parts/stablecoin_mcap/stablecoin-mcap-chart_combined_2026-04-17 part 2.csv,DefiLlama,204324,.csv,1963,26,2020-12-02,2026-04-17,indexed
Data/DefiLlama/_raw_parts/stablecoin_mcap/stablecoin-mcap-chart_combined_2026-04-17 part 3.csv,DefiLlama,177017,.csv,2296,26,2020-01-04,2026-04-17,indexed
Data/DefiLlama/_raw_parts/stablecoin_mcap/stablecoin-mcap-chart_combined_2026-04-17 part 4.csv,DefiLlama,288009,.csv,2776,26,2018-09-11,2026-04-17,indexed
Data/DefiLlama/_raw_parts/stablecoin_mcap/stablecoin-mcap-chart_combined_2026-04-17.csv,DefiLlama,232295,.csv,1962,26,2020-12-03,2026-04-17,indexed
Data/DefiLlama/CEX/cex_net_inflows_by_exchange__daily.csv,DefiLlama,589805,.csv,1253,76,2022-11-12,2026-04-17,indexed
Data/DefiLlama/CEX/README.md,DefiLlama,2250,.md,,,,,indexed
Data/DefiLlama/ChainMetrics/all_chains_metrics__daily.csv,DefiLlama,939491,.csv,3644,40,2016-04-19,2026-04-17,indexed
Data/DefiLlama/ChainMetrics/all_chains_perp_volume_by_protocol__daily.csv,DefiLlama,1141579,.csv,1878,180,2021-02-25,2026-04-17,indexed
Data/DefiLlama/ChainMetrics/all_dex_metrics__daily.csv,DefiLlama,194927,.csv,3644,5,2016-04-19,2026-04-17,indexed
Data/DefiLlama/ChainMetrics/chain_revenue_combined__daily.csv,DefiLlama,54363,.csv,2793,2,2018-08-18,2026-04-17,indexed
Data/DefiLlama/ChainMetrics/chain_tvl_dominance__daily.csv,DefiLlama,1975428,.csv,521,457,2020-08-04,2026-04-15,indexed
Data/DefiLlama/ChainMetrics/ethereum_metrics__daily.csv,DefiLlama,1017168,.csv,3125,48,2017-09-27,2026-04-17,indexed
Data/DefiLlama/ChainMetrics/README.md,DefiLlama,4287,.md,,,,,indexed
Data/DefiLlama/ChainMetrics/solana_metrics__daily.csv,DefiLlama,501639,.csv,1857,38,2021-03-18,2026-04-17,indexed
Data/DefiLlama/DATs/dat-institutions.csv,DefiLlama,36421,.csv,86,11,,,indexed
Data/DefiLlama/DATs/README.md,DefiLlama,2473,.md,,,,,indexed
Data/DefiLlama/ETFs/etf-history.csv,DefiLlama,17014,.csv,565,3,2024-01-11,2026-04-14,indexed
Data/DefiLlama/ETFs/etf-overview.csv,DefiLlama,1326,.csv,25,6,,,indexed
Data/DefiLlama/ETFs/README.md,DefiLlama,2361,.md,,,,,indexed
Data/DefiLlama/RWA/README.md,DefiLlama,4070,.md,,,,,indexed
Data/DefiLlama/RWA/rwa_active_mcap_all__daily.csv,DefiLlama,218988,.csv,1687,22,2021-09-04,2026-04-17,indexed
Data/DefiLlama/RWA/rwa_defi_active_tvl_all__daily.csv,DefiLlama,165531,.csv,1633,19,2021-10-25,2026-04-14,indexed
Data/DefiLlama/RWA/rwa_mcap_by_category__daily.csv,DefiLlama,188350,.csv,1687,13,2021-09-04,2026-04-17,indexed
Data/DefiLlama/RWA/rwa_onchain_mcap_all__daily.csv,DefiLlama,243841,.csv,1687,24,2021-09-04,2026-04-17,indexed
Data/DefiLlama/RWA/rwa_onchain_mcap_by_platform__daily.csv,DefiLlama,502408,.csv,1687,63,2021-09-04,2026-04-17,indexed
Data/DefiLlama/Stablecoins/README.md,DefiLlama,3333,.md,,,,,indexed
Data/DefiLlama/Stablecoins/stablecoin_mcap_by_defillama_id__daily.csv,DefiLlama,2245801,.csv,3062,201,2017-11-29,2026-04-17,indexed
Data/DefiLlama/Stablecoins/stablecoin_mcap_id_to_name.csv,DefiLlama,1574,.csv,200,4,,,indexed
Data/DefiLlama/Stablecoins/stablecoins-chains.csv,DefiLlama,5180,.csv,175,3,,,indexed
Data/DefiLlama/Stablecoins/stablecoins.csv,DefiLlama,83248,.csv,360,10,,,indexed
Data/DefiLlama/TVL/Daily/README.md,DefiLlama,2585,.md,,,,,indexed
Data/DefiLlama/TVL/Daily/tvl_all_chains_daily.csv,DefiLlama,72055,.csv,3122,2,2017-09-27,2026-04-14,indexed
Data/DefiLlama/TVL/Daily/tvl_by_chain_long_daily.csv,DefiLlama,11389216,.csv,419303,3,2017-09-27,2026-04-14,indexed
Data/DefiLlama/TVL/Daily/tvl_by_chain_wide_daily.csv,DefiLlama,4917390,.csv,3122,440,2017-09-27,2026-04-14,indexed
Data/DefiLlama/TVL/Snapshot/README.md,DefiLlama,2703,.md,,,,,indexed
Data/DefiLlama/TVL/Snapshot/tvl_chains_current.csv,DefiLlama,20023,.csv,440,6,,,indexed
Data/DefiLlama/TVL/Snapshot/tvl_protocols_current.csv,DefiLlama,5566948,.csv,7317,56,,,indexed
Data/DefiLlama/TVL/Weekly/README.md,DefiLlama,2596,.md,,,,,indexed
Data/DefiLlama/TVL/Weekly/tvl_all_chains_weekly.csv,DefiLlama,10326,.csv,447,2,2017-10-01,2026-04-19,indexed
Data/DefiLlama/TVL/Weekly/tvl_by_chain_long_weekly.csv,DefiLlama,1639917,.csv,60392,3,2017-10-01,2026-04-19,indexed
Data/DefiLlama/TVL/Weekly/tvl_by_chain_wide_weekly.csv,DefiLlama,709525,.csv,447,440,2017-10-01,2026-04-19,indexed
Data/Farside ETF Data/farside_btc_etf_flows__daily.csv,Farside ETF Data,39725,.csv,579,14,2024-01-11,2026-04-10,indexed
Data/Farside ETF Data/Farside_ETF_Data_Summary.txt,Farside ETF Data,2549,.txt,,,,,indexed
Data/Farside ETF Data/farside_eth_etf_flows__daily.csv,Farside ETF Data,25573,.csv,441,12,2024-07-23,2026-04-10,indexed
Data/Farside ETF Data/farside_sol_etf_flows__daily.csv,Farside ETF Data,541,.csv,12,8,2026-03-25,2026-04-10,indexed
Data/Farside ETF Data/README.md,Farside ETF Data,1959,.md,,,,,indexed
Data/FRED/_fetch_status.json,FRED,95,.json,,,,,indexed
Data/FRED/ANFCI__weekly.csv,FRED,53647,.csv,2884,2,1971-01-08,2026-04-10,indexed
Data/FRED/BAMLH0A0HYM2__daily.csv,FRED,13417,.csv,795,2,2023-04-18,2026-04-16,indexed
Data/FRED/CPIAUCSL__monthly.csv,FRED,17345,.csv,951,2,1947-01-01,2026-03-01,indexed
Data/FRED/DCOILWTICO__daily.csv,FRED,186763,.csv,10508,2,1986-01-02,2026-04-13,indexed
Data/FRED/DFF__daily.csv,FRED,442010,.csv,26223,2,1954-07-01,2026-04-16,indexed
Data/FRED/DFII10__daily.csv,FRED,102682,.csv,6076,2,2003-01-02,2026-04-16,indexed
Data/FRED/DGS10__daily.csv,FRED,282094,.csv,16773,2,1962-01-02,2026-04-16,indexed
Data/FRED/DGS2__daily.csv,FRED,218952,.csv,13013,2,1976-06-01,2026-04-16,indexed
Data/FRED/DGS30__daily.csv,FRED,216175,.csv,12828,2,1977-02-15,2026-04-16,indexed
Data/FRED/DTWEXBGS__daily.csv,FRED,106768,.csv,5290,2,2006-01-02,2026-04-10,indexed
Data/FRED/fred_macro_panel__daily.csv,FRED,999198,.csv,18732,14,1954-07-01,2026-04-17,indexed
Data/FRED/fred_series_metadata.csv,FRED,12016,.csv,19,13,,,indexed
Data/FRED/NFCI__weekly.csv,FRED,53641,.csv,2884,2,1971-01-08,2026-04-10,indexed
Data/FRED/README.md,FRED,5438,.md,,,,,indexed
Data/FRED/RRPONTSYD__daily.csv,FRED,98595,.csv,6051,2,2003-02-07,2026-04-17,indexed
Data/FRED/SOFR__daily.csv,FRED,35052,.csv,2098,2,2018-04-03,2026-04-16,indexed
Data/FRED/STLFSI4__weekly.csv,FRED,32925,.csv,1685,2,1993-12-31,2026-04-10,indexed
Data/FRED/T10Y2Y__daily.csv,FRED,219907,.csv,13014,2,1976-06-01,2026-04-17,indexed
Data/FRED/UNRATE__monthly.csv,FRED,15048,.csv,939,2,1948-01-01,2026-03-01,indexed
Data/FRED/USEPUINDXD__daily.csv,FRED,276653,.csv,15080,2,1985-01-01,2026-04-15,indexed
Data/FRED/VIXCLS__daily.csv,FRED,167962,.csv,9468,2,1990-01-02,2026-04-16,indexed
Data/FRED/WALCL__weekly.csv,FRED,26507,.csv,1218,2,2002-12-18,2026-04-15,indexed
Data/MarketStructure/Binance/README.md,MarketStructure,263,.md,,,,,indexed
Data/MarketStructure/CoinMarketCap/cmc_fear_greed__daily.csv,MarketStructure,39620,.csv,1086,4,2023-06-29,2026-06-18,indexed
Data/MarketStructure/CoinMarketCap/README.md,MarketStructure,257,.md,,,,,indexed
Data/MarketStructure/DefiLlama/crypto_constituents_daily_ohlcv_top50_current_2020_2026.csv,MarketStructure,21534442,.csv,50449,15,2022-12-31,2026-06-16,indexed
Data/MarketStructure/DefiLlama/crypto_universe_monthly_2020_2026.csv,MarketStructure,2483567,.csv,15600,13,2020-01-31,2026-06-16,indexed
Data/MarketStructure/DefiLlama/defillama_existing_inventory.csv,MarketStructure,31351,.csv,44,12,,,indexed
Data/MarketStructure/DefiLlama/README.md,MarketStructure,876,.md,,,,,indexed
Data/MarketStructure/README.md,MarketStructure,364,.md,,,,,indexed
Data/MarketStructure/Sentiment/fear_greed_altme_pre_cmc_post__daily.csv,MarketStructure,328478,.csv,3057,6,2018-02-01,2026-06-18,indexed
Data/MarketStructure/Sentiment/fear_greed_source_overlap__daily.csv,MarketStructure,45064,.csv,1023,8,2023-06-29,2026-04-17,indexed
Data/MarketStructure/Sentiment/fear_greed_source_overlap_summary.csv,MarketStructure,737,.csv,17,3,,,indexed
Data/MarketStructure/Sentiment/README.md,MarketStructure,249,.md,,,,,indexed
Data/MarketStructure/SourceRegistry/market_structure_cache_status.csv,MarketStructure,248,.csv,4,2,,,indexed
Data/MarketStructure/SourceRegistry/market_structure_endpoint_capabilities.csv,MarketStructure,3208,.csv,25,8,,,indexed
Data/MarketStructure/SourceRegistry/market_structure_source_registry.csv,MarketStructure,811,.csv,4,6,,,indexed
Data/Tradingview/Daily/ARKK_innovation_etf__daily.csv,Tradingview,141905,.csv,2873,11,2014-10-31,2026-04-17,indexed
Data/Tradingview/Daily/CME_BTC_front_month_futures__daily.csv,Tradingview,104567,.csv,2096,11,2017-12-17,2026-04-15,indexed
Data/Tradingview/Daily/CME_BTC_futures_minus_SPOT_BTC_basis__daily.csv,Tradingview,218883,.csv,2102,11,2017-12-17,2026-04-15,indexed
Data/Tradingview/Daily/CME_BTC_futures_over_SPOT_BTC_ratio__daily.csv,Tradingview,224972,.csv,2102,11,2017-12-17,2026-04-15,indexed
Data/Tradingview/Daily/CME_ETH_front_month_futures__daily.csv,Tradingview,71570,.csv,1307,11,2021-02-04,2026-04-15,indexed
Data/Tradingview/Daily/CME_ETH_futures_minus_SPOT_ETH_basis__daily.csv,Tradingview,137542,.csv,1308,11,2021-02-04,2026-04-15,indexed
Data/Tradingview/Daily/CME_ETH_futures_over_SPOT_ETH_ratio__daily.csv,Tradingview,141043,.csv,1308,11,2021-02-04,2026-04-15,indexed
Data/Tradingview/Daily/CME_Micro_Bitcoin_futures__daily.csv,Tradingview,91754,.csv,1685,11,2018-03-25,2026-04-15,indexed
Data/Tradingview/Daily/CME_Micro_Ether_futures__daily.csv,Tradingview,61532,.csv,1099,11,2021-12-01,2026-04-15,indexed
Data/Tradingview/Daily/CME_Solana_futures__daily.csv,Tradingview,14166,.csv,274,11,2025-03-16,2026-04-15,indexed
Data/Tradingview/Daily/COIN_coinbase_stock__daily.csv,Tradingview,65935,.csv,1259,11,2021-04-14,2026-04-17,indexed
Data/Tradingview/Daily/CRCL_circle_stock__daily.csv,Tradingview,11433,.csv,218,11,2025-06-05,2026-04-17,indexed
Data/Tradingview/Daily/CRYPTOCAP_BTC_dominance__daily.csv,Tradingview,392897,.csv,4399,11,2014-04-01,2026-04-19,indexed
Data/Tradingview/Daily/CRYPTOCAP_ETH_dominance__daily.csv,Tradingview,292201,.csv,3202,11,2017-07-14,2026-04-19,indexed
Data/Tradingview/Daily/CRYPTOCAP_TOTAL3__daily.csv,Tradingview,254924,.csv,3202,11,2017-07-14,2026-04-19,indexed
Data/Tradingview/Daily/Deribit_BTC_volatility_index_DVOL__daily.csv,Tradingview,66133,.csv,1850,5,2021-03-24,2026-04-16,indexed
Data/Tradingview/Daily/DXY_us_dollar_index__daily.csv,Tradingview,220487,.csv,4768,11,2007-06-13,2026-04-16,indexed
Data/Tradingview/Daily/ETHA_ETF_over_SPOT_ETH__daily.csv,Tradingview,48036,.csv,435,11,2024-07-23,2026-04-16,indexed
Data/Tradingview/Daily/GLD_gold_etf__daily.csv,Tradingview,259707,.csv,4798,11,2007-03-23,2026-04-17,indexed
Data/Tradingview/Daily/IBIT_ETF_over_SPOT_BTC__daily.csv,Tradingview,62772,.csv,567,11,2024-01-11,2026-04-16,indexed
Data/Tradingview/Daily/IWM_russell2000_etf__daily.csv,Tradingview,233745,.csv,4330,11,2009-01-30,2026-04-17,indexed
Data/Tradingview/Daily/MARA_marathon_miner_stock__daily.csv,Tradingview,157531,.csv,3351,11,2012-02-09,2026-04-17,indexed
Data/Tradingview/Daily/MSTR_microstrategy_stock__daily.csv,Tradingview,208066,.csv,3926,11,2010-09-08,2026-04-17,indexed
Data/Tradingview/Daily/QQQ_nasdaq100_etf__daily.csv,Tradingview,254358,.csv,4716,11,2007-07-20,2026-04-17,indexed
Data/Tradingview/Daily/README.md,Tradingview,9192,.md,,,,,indexed
Data/Tradingview/Daily/RIOT_riot_miner_stock__daily.csv,Tradingview,177017,.csv,3797,11,2011-03-14,2026-04-17,indexed
Data/Tradingview/Daily/SMH_vaneck_semiconductor_etf__daily.csv,Tradingview,228104,.csv,4330,11,2009-01-29,2026-04-17,indexed
Data/Tradingview/Daily/SOXX_ishares_semiconductor_etf__daily.csv,Tradingview,303152,.csv,4766,11,2007-05-09,2026-04-17,indexed
Data/Tradingview/Daily/SPY_sp500_etf__daily.csv,Tradingview,192217,.csv,3512,11,2012-04-30,2026-04-17,indexed
Data/Tradingview/Daily/XAUUSD_gold_spot__daily.csv,Tradingview,70025,.csv,1216,11,2021-08-01,2026-04-16,indexed
Data/Tradingview/Daily/XLK_tech_sector_etf__daily.csv,Tradingview,258686,.csv,4808,11,2007-03-09,2026-04-17,indexed
Data/Tradingview/README.md,Tradingview,2688,.md,,,,,indexed
Data/Tradingview/Weekly/CME_BTC1_continuous_futures__weekly.csv,Tradingview,22132,.csv,435,11,2017-12-17,2026-04-12,indexed
Data/Tradingview/Weekly/CME_ETH1_continuous_futures__weekly.csv,Tradingview,15199,.csv,272,11,2021-01-31,2026-04-12,indexed
Data/Tradingview/Weekly/CME_Micro_Bitcoin_MBT1_continuous__weekly.csv,Tradingview,19366,.csv,350,11,2018-03-25,2026-04-12,indexed
Data/Tradingview/Weekly/CME_Micro_Ether_MET1_continuous__weekly.csv,Tradingview,13072,.csv,229,11,2021-11-28,2026-04-12,indexed
Data/Tradingview/Weekly/COIN_coinbase_stock__weekly.csv,Tradingview,14023,.csv,262,11,2021-04-12,2026-04-13,indexed
Data/Tradingview/Weekly/CRYPTOCAP_BTC_dominance__weekly.csv,Tradingview,56308,.csv,629,11,2014-03-31,2026-04-13,indexed
Data/Tradingview/Weekly/CRYPTOCAP_ETH_dominance__weekly.csv,Tradingview,41932,.csv,458,11,2017-07-10,2026-04-13,indexed
Data/Tradingview/Weekly/CRYPTOCAP_TOTAL3__weekly.csv,Tradingview,36576,.csv,458,11,2017-07-10,2026-04-13,indexed
Data/Tradingview/Weekly/DXY_us_dollar_index__weekly.csv,Tradingview,137417,.csv,2933,11,1967-01-29,2026-04-12,indexed
Data/Tradingview/Weekly/MSTR_microstrategy_stock__weekly.csv,Tradingview,41426,.csv,771,11,2011-07-11,2026-04-13,indexed
Data/Tradingview/Weekly/QQQ_nasdaq100_etf__weekly.csv,Tradingview,58620,.csv,1070,11,2005-10-17,2026-04-13,indexed
Data/Tradingview/Weekly/README.md,Tradingview,6964,.md,,,,,indexed
Data/Tradingview/Weekly/RIOT_riot_miner_stock__weekly.csv,Tradingview,56704,.csv,1204,11,2003-01-21,2026-04-13,indexed
Data/Tradingview/Weekly/SPY_sp500_etf__weekly.csv,Tradingview,99231,.csv,1734,11,1993-01-25,2026-04-13,indexed
Data/Tradingview/Weekly/XAUUSD_gold_spot__weekly.csv,Tradingview,90950,.csv,1748,11,1992-04-19,2026-04-12,indexed
